,scen_names_long,scen_names_short
0,T0E0C0|B0E0C0|B0E0C0,T0E0C0B0
1,T0E0C0|B0E0C0|B0E0C1,T0E0C1B0
2,T0E0C0|B0E0C0|B0E1C0,T0E1C0B0
3,T0E0C0|B0E0C0|B0E1C1,T0E1C1B0
4,T0E0C0|B0E0C0|B0E2C0,T0E2C0B0
5,T0E0C0|B0E0C0|B0E2C1,T0E2C1B0
6,T0E0C0|B0E0C0|B1E0C0,T0E0C0B1
7,T0E0C0|B0E0C0|B1E0C1,T0E0C1B1
8,T0E0C0|B0E0C0|B1E1C0,T0E1C0B1
9,T0E0C0|B0E0C0|B1E1C1,T0E1C1B1
10,T0E0C0|B0E0C0|B1E2C0,T0E2C0B1
11,T0E0C0|B0E0C0|B1E2C1,T0E2C1B1
12,T0E0C0|B0E0C1|B0E0C0,T0E0C2B0
13,T0E0C0|B0E0C1|B0E0C1,T0E0C3B0
14,T0E0C0|B0E0C1|B0E1C0,T0E1C2B0
15,T0E0C0|B0E0C1|B0E1C1,T0E1C3B0
16,T0E0C0|B0E0C1|B0E2C0,T0E2C2B0
17,T0E0C0|B0E0C1|B0E2C1,T0E2C3B0
18,T0E0C0|B0E0C1|B1E0C0,T0E0C2B1
19,T0E0C0|B0E0C1|B1E0C1,T0E0C3B1
20,T0E0C0|B0E0C1|B1E1C0,T0E1C2B1
21,T0E0C0|B0E0C1|B1E1C1,T0E1C3B1
22,T0E0C0|B0E0C1|B1E2C0,T0E2C2B1
23,T0E0C0|B0E0C1|B1E2C1,T0E2C3B1
24,T0E0C0|B0E1C0|B0E0C0,T0E3C0B0
25,T0E0C0|B0E1C0|B0E0C1,T0E3C1B0
26,T0E0C0|B0E1C0|B0E1C0,T0E4C0B0
27,T0E0C0|B0E1C0|B0E1C1,T0E4C1B0
28,T0E0C0|B0E1C0|B0E2C0,T0E5C0B0
29,T0E0C0|B0E1C0|B0E2C1,T0E5C1B0
30,T0E0C0|B0E1C0|B1E0C0,T0E3C0B1
31,T0E0C0|B0E1C0|B1E0C1,T0E3C1B1
32,T0E0C0|B0E1C0|B1E1C0,T0E4C0B1
33,T0E0C0|B0E1C0|B1E1C1,T0E4C1B1
34,T0E0C0|B0E1C0|B1E2C0,T0E5C0B1
35,T0E0C0|B0E1C0|B1E2C1,T0E5C1B1
36,T0E0C0|B0E1C1|B0E0C0,T0E3C2B0
37,T0E0C0|B0E1C1|B0E0C1,T0E3C3B0
38,T0E0C0|B0E1C1|B0E1C0,T0E4C2B0
39,T0E0C0|B0E1C1|B0E1C1,T0E4C3B0
40,T0E0C0|B0E1C1|B0E2C0,T0E5C2B0
41,T0E0C0|B0E1C1|B0E2C1,T0E5C3B0
42,T0E0C0|B0E1C1|B1E0C0,T0E3C2B1
43,T0E0C0|B0E1C1|B1E0C1,T0E3C3B1
44,T0E0C0|B0E1C1|B1E1C0,T0E4C2B1
45,T0E0C0|B0E1C1|B1E1C1,T0E4C3B1
46,T0E0C0|B0E1C1|B1E2C0,T0E5C2B1
47,T0E0C0|B0E1C1|B1E2C1,T0E5C3B1
48,T0E0C0|B0E2C0|B0E0C0,T0E6C0B0
49,T0E0C0|B0E2C0|B0E0C1,T0E6C1B0
50,T0E0C0|B0E2C0|B0E1C0,T0E7C0B0
51,T0E0C0|B0E2C0|B0E1C1,T0E7C1B0
52,T0E0C0|B0E2C0|B0E2C0,T0E8C0B0
53,T0E0C0|B0E2C0|B0E2C1,T0E8C1B0
54,T0E0C0|B0E2C0|B1E0C0,T0E6C0B1
55,T0E0C0|B0E2C0|B1E0C1,T0E6C1B1
56,T0E0C0|B0E2C0|B1E1C0,T0E7C0B1
57,T0E0C0|B0E2C0|B1E1C1,T0E7C1B1
58,T0E0C0|B0E2C0|B1E2C0,T0E8C0B1
59,T0E0C0|B0E2C0|B1E2C1,T0E8C1B1
60,T0E0C0|B0E2C1|B0E0C0,T0E6C2B0
61,T0E0C0|B0E2C1|B0E0C1,T0E6C3B0
62,T0E0C0|B0E2C1|B0E1C0,T0E7C2B0
63,T0E0C0|B0E2C1|B0E1C1,T0E7C3B0
64,T0E0C0|B0E2C1|B0E2C0,T0E8C2B0
65,T0E0C0|B0E2C1|B0E2C1,T0E8C3B0
66,T0E0C0|B0E2C1|B1E0C0,T0E6C2B1
67,T0E0C0|B0E2C1|B1E0C1,T0E6C3B1
68,T0E0C0|B0E2C1|B1E1C0,T0E7C2B1
69,T0E0C0|B0E2C1|B1E1C1,T0E7C3B1
70,T0E0C0|B0E2C1|B1E2C0,T0E8C2B1
71,T0E0C0|B0E2C1|B1E2C1,T0E8C3B1
72,T0E0C0|B1E0C0|B0E0C0,T0E0C0B2
73,T0E0C0|B1E0C0|B0E0C1,T0E0C1B2
74,T0E0C0|B1E0C0|B0E1C0,T0E1C0B2
75,T0E0C0|B1E0C0|B0E1C1,T0E1C1B2
76,T0E0C0|B1E0C0|B0E2C0,T0E2C0B2
77,T0E0C0|B1E0C0|B0E2C1,T0E2C1B2
78,T0E0C0|B1E0C0|B1E0C0,T0E0C0B3
79,T0E0C0|B1E0C0|B1E0C1,T0E0C1B3
80,T0E0C0|B1E0C0|B1E1C0,T0E1C0B3
81,T0E0C0|B1E0C0|B1E1C1,T0E1C1B3
82,T0E0C0|B1E0C0|B1E2C0,T0E2C0B3
83,T0E0C0|B1E0C0|B1E2C1,T0E2C1B3
84,T0E0C0|B1E0C1|B0E0C0,T0E0C2B2
85,T0E0C0|B1E0C1|B0E0C1,T0E0C3B2
86,T0E0C0|B1E0C1|B0E1C0,T0E1C2B2
87,T0E0C0|B1E0C1|B0E1C1,T0E1C3B2
88,T0E0C0|B1E0C1|B0E2C0,T0E2C2B2
89,T0E0C0|B1E0C1|B0E2C1,T0E2C3B2
90,T0E0C0|B1E0C1|B1E0C0,T0E0C2B3
91,T0E0C0|B1E0C1|B1E0C1,T0E0C3B3
92,T0E0C0|B1E0C1|B1E1C0,T0E1C2B3
93,T0E0C0|B1E0C1|B1E1C1,T0E1C3B3
94,T0E0C0|B1E0C1|B1E2C0,T0E2C2B3
95,T0E0C0|B1E0C1|B1E2C1,T0E2C3B3
96,T0E0C0|B1E1C0|B0E0C0,T0E3C0B2
97,T0E0C0|B1E1C0|B0E0C1,T0E3C1B2
98,T0E0C0|B1E1C0|B0E1C0,T0E4C0B2
99,T0E0C0|B1E1C0|B0E1C1,T0E4C1B2
100,T0E0C0|B1E1C0|B0E2C0,T0E5C0B2
101,T0E0C0|B1E1C0|B0E2C1,T0E5C1B2
102,T0E0C0|B1E1C0|B1E0C0,T0E3C0B3
103,T0E0C0|B1E1C0|B1E0C1,T0E3C1B3
104,T0E0C0|B1E1C0|B1E1C0,T0E4C0B3
105,T0E0C0|B1E1C0|B1E1C1,T0E4C1B3
106,T0E0C0|B1E1C0|B1E2C0,T0E5C0B3
107,T0E0C0|B1E1C0|B1E2C1,T0E5C1B3
108,T0E0C0|B1E1C1|B0E0C0,T0E3C2B2
109,T0E0C0|B1E1C1|B0E0C1,T0E3C3B2
110,T0E0C0|B1E1C1|B0E1C0,T0E4C2B2
111,T0E0C0|B1E1C1|B0E1C1,T0E4C3B2
112,T0E0C0|B1E1C1|B0E2C0,T0E5C2B2
113,T0E0C0|B1E1C1|B0E2C1,T0E5C3B2
114,T0E0C0|B1E1C1|B1E0C0,T0E3C2B3
115,T0E0C0|B1E1C1|B1E0C1,T0E3C3B3
116,T0E0C0|B1E1C1|B1E1C0,T0E4C2B3
117,T0E0C0|B1E1C1|B1E1C1,T0E4C3B3
118,T0E0C0|B1E1C1|B1E2C0,T0E5C2B3
119,T0E0C0|B1E1C1|B1E2C1,T0E5C3B3
120,T0E0C0|B1E2C0|B0E0C0,T0E6C0B2
121,T0E0C0|B1E2C0|B0E0C1,T0E6C1B2
122,T0E0C0|B1E2C0|B0E1C0,T0E7C0B2
123,T0E0C0|B1E2C0|B0E1C1,T0E7C1B2
124,T0E0C0|B1E2C0|B0E2C0,T0E8C0B2
125,T0E0C0|B1E2C0|B0E2C1,T0E8C1B2
126,T0E0C0|B1E2C0|B1E0C0,T0E6C0B3
127,T0E0C0|B1E2C0|B1E0C1,T0E6C1B3
128,T0E0C0|B1E2C0|B1E1C0,T0E7C0B3
129,T0E0C0|B1E2C0|B1E1C1,T0E7C1B3
130,T0E0C0|B1E2C0|B1E2C0,T0E8C0B3
131,T0E0C0|B1E2C0|B1E2C1,T0E8C1B3
132,T0E0C0|B1E2C1|B0E0C0,T0E6C2B2
133,T0E0C0|B1E2C1|B0E0C1,T0E6C3B2
134,T0E0C0|B1E2C1|B0E1C0,T0E7C2B2
135,T0E0C0|B1E2C1|B0E1C1,T0E7C3B2
136,T0E0C0|B1E2C1|B0E2C0,T0E8C2B2
137,T0E0C0|B1E2C1|B0E2C1,T0E8C3B2
138,T0E0C0|B1E2C1|B1E0C0,T0E6C2B3
139,T0E0C0|B1E2C1|B1E0C1,T0E6C3B3
140,T0E0C0|B1E2C1|B1E1C0,T0E7C2B3
141,T0E0C0|B1E2C1|B1E1C1,T0E7C3B3
142,T0E0C0|B1E2C1|B1E2C0,T0E8C2B3
143,T0E0C0|B1E2C1|B1E2C1,T0E8C3B3
144,T0E0C1|B0E0C0|B0E0C0,T0E0C4B0
145,T0E0C1|B0E0C0|B0E0C1,T0E0C5B0
146,T0E0C1|B0E0C0|B0E1C0,T0E1C4B0
147,T0E0C1|B0E0C0|B0E1C1,T0E1C5B0
148,T0E0C1|B0E0C0|B0E2C0,T0E2C4B0
149,T0E0C1|B0E0C0|B0E2C1,T0E2C5B0
150,T0E0C1|B0E0C0|B1E0C0,T0E0C4B1
151,T0E0C1|B0E0C0|B1E0C1,T0E0C5B1
152,T0E0C1|B0E0C0|B1E1C0,T0E1C4B1
153,T0E0C1|B0E0C0|B1E1C1,T0E1C5B1
154,T0E0C1|B0E0C0|B1E2C0,T0E2C4B1
155,T0E0C1|B0E0C0|B1E2C1,T0E2C5B1
156,T0E0C1|B0E0C1|B0E0C0,T0E0C6B0
157,T0E0C1|B0E0C1|B0E0C1,T0E0C7B0
158,T0E0C1|B0E0C1|B0E1C0,T0E1C6B0
159,T0E0C1|B0E0C1|B0E1C1,T0E1C7B0
160,T0E0C1|B0E0C1|B0E2C0,T0E2C6B0
161,T0E0C1|B0E0C1|B0E2C1,T0E2C7B0
162,T0E0C1|B0E0C1|B1E0C0,T0E0C6B1
163,T0E0C1|B0E0C1|B1E0C1,T0E0C7B1
164,T0E0C1|B0E0C1|B1E1C0,T0E1C6B1
165,T0E0C1|B0E0C1|B1E1C1,T0E1C7B1
166,T0E0C1|B0E0C1|B1E2C0,T0E2C6B1
167,T0E0C1|B0E0C1|B1E2C1,T0E2C7B1
168,T0E0C1|B0E1C0|B0E0C0,T0E3C4B0
169,T0E0C1|B0E1C0|B0E0C1,T0E3C5B0
170,T0E0C1|B0E1C0|B0E1C0,T0E4C4B0
171,T0E0C1|B0E1C0|B0E1C1,T0E4C5B0
172,T0E0C1|B0E1C0|B0E2C0,T0E5C4B0
173,T0E0C1|B0E1C0|B0E2C1,T0E5C5B0
174,T0E0C1|B0E1C0|B1E0C0,T0E3C4B1
175,T0E0C1|B0E1C0|B1E0C1,T0E3C5B1
176,T0E0C1|B0E1C0|B1E1C0,T0E4C4B1
177,T0E0C1|B0E1C0|B1E1C1,T0E4C5B1
178,T0E0C1|B0E1C0|B1E2C0,T0E5C4B1
179,T0E0C1|B0E1C0|B1E2C1,T0E5C5B1
180,T0E0C1|B0E1C1|B0E0C0,T0E3C6B0
181,T0E0C1|B0E1C1|B0E0C1,T0E3C7B0
182,T0E0C1|B0E1C1|B0E1C0,T0E4C6B0
183,T0E0C1|B0E1C1|B0E1C1,T0E4C7B0
184,T0E0C1|B0E1C1|B0E2C0,T0E5C6B0
185,T0E0C1|B0E1C1|B0E2C1,T0E5C7B0
186,T0E0C1|B0E1C1|B1E0C0,T0E3C6B1
187,T0E0C1|B0E1C1|B1E0C1,T0E3C7B1
188,T0E0C1|B0E1C1|B1E1C0,T0E4C6B1
189,T0E0C1|B0E1C1|B1E1C1,T0E4C7B1
190,T0E0C1|B0E1C1|B1E2C0,T0E5C6B1
191,T0E0C1|B0E1C1|B1E2C1,T0E5C7B1
192,T0E0C1|B0E2C0|B0E0C0,T0E6C4B0
193,T0E0C1|B0E2C0|B0E0C1,T0E6C5B0
194,T0E0C1|B0E2C0|B0E1C0,T0E7C4B0
195,T0E0C1|B0E2C0|B0E1C1,T0E7C5B0
196,T0E0C1|B0E2C0|B0E2C0,T0E8C4B0
197,T0E0C1|B0E2C0|B0E2C1,T0E8C5B0
198,T0E0C1|B0E2C0|B1E0C0,T0E6C4B1
199,T0E0C1|B0E2C0|B1E0C1,T0E6C5B1
200,T0E0C1|B0E2C0|B1E1C0,T0E7C4B1
201,T0E0C1|B0E2C0|B1E1C1,T0E7C5B1
202,T0E0C1|B0E2C0|B1E2C0,T0E8C4B1
203,T0E0C1|B0E2C0|B1E2C1,T0E8C5B1
204,T0E0C1|B0E2C1|B0E0C0,T0E6C6B0
205,T0E0C1|B0E2C1|B0E0C1,T0E6C7B0
206,T0E0C1|B0E2C1|B0E1C0,T0E7C6B0
207,T0E0C1|B0E2C1|B0E1C1,T0E7C7B0
208,T0E0C1|B0E2C1|B0E2C0,T0E8C6B0
209,T0E0C1|B0E2C1|B0E2C1,T0E8C7B0
210,T0E0C1|B0E2C1|B1E0C0,T0E6C6B1
211,T0E0C1|B0E2C1|B1E0C1,T0E6C7B1
212,T0E0C1|B0E2C1|B1E1C0,T0E7C6B1
213,T0E0C1|B0E2C1|B1E1C1,T0E7C7B1
214,T0E0C1|B0E2C1|B1E2C0,T0E8C6B1
215,T0E0C1|B0E2C1|B1E2C1,T0E8C7B1
216,T0E0C1|B1E0C0|B0E0C0,T0E0C4B2
217,T0E0C1|B1E0C0|B0E0C1,T0E0C5B2
218,T0E0C1|B1E0C0|B0E1C0,T0E1C4B2
219,T0E0C1|B1E0C0|B0E1C1,T0E1C5B2
220,T0E0C1|B1E0C0|B0E2C0,T0E2C4B2
221,T0E0C1|B1E0C0|B0E2C1,T0E2C5B2
222,T0E0C1|B1E0C0|B1E0C0,T0E0C4B3
223,T0E0C1|B1E0C0|B1E0C1,T0E0C5B3
224,T0E0C1|B1E0C0|B1E1C0,T0E1C4B3
225,T0E0C1|B1E0C0|B1E1C1,T0E1C5B3
226,T0E0C1|B1E0C0|B1E2C0,T0E2C4B3
227,T0E0C1|B1E0C0|B1E2C1,T0E2C5B3
228,T0E0C1|B1E0C1|B0E0C0,T0E0C6B2
229,T0E0C1|B1E0C1|B0E0C1,T0E0C7B2
230,T0E0C1|B1E0C1|B0E1C0,T0E1C6B2
231,T0E0C1|B1E0C1|B0E1C1,T0E1C7B2
232,T0E0C1|B1E0C1|B0E2C0,T0E2C6B2
233,T0E0C1|B1E0C1|B0E2C1,T0E2C7B2
234,T0E0C1|B1E0C1|B1E0C0,T0E0C6B3
235,T0E0C1|B1E0C1|B1E0C1,T0E0C7B3
236,T0E0C1|B1E0C1|B1E1C0,T0E1C6B3
237,T0E0C1|B1E0C1|B1E1C1,T0E1C7B3
238,T0E0C1|B1E0C1|B1E2C0,T0E2C6B3
239,T0E0C1|B1E0C1|B1E2C1,T0E2C7B3
240,T0E0C1|B1E1C0|B0E0C0,T0E3C4B2
241,T0E0C1|B1E1C0|B0E0C1,T0E3C5B2
242,T0E0C1|B1E1C0|B0E1C0,T0E4C4B2
243,T0E0C1|B1E1C0|B0E1C1,T0E4C5B2
244,T0E0C1|B1E1C0|B0E2C0,T0E5C4B2
245,T0E0C1|B1E1C0|B0E2C1,T0E5C5B2
246,T0E0C1|B1E1C0|B1E0C0,T0E3C4B3
247,T0E0C1|B1E1C0|B1E0C1,T0E3C5B3
248,T0E0C1|B1E1C0|B1E1C0,T0E4C4B3
249,T0E0C1|B1E1C0|B1E1C1,T0E4C5B3
250,T0E0C1|B1E1C0|B1E2C0,T0E5C4B3
251,T0E0C1|B1E1C0|B1E2C1,T0E5C5B3
252,T0E0C1|B1E1C1|B0E0C0,T0E3C6B2
253,T0E0C1|B1E1C1|B0E0C1,T0E3C7B2
254,T0E0C1|B1E1C1|B0E1C0,T0E4C6B2
255,T0E0C1|B1E1C1|B0E1C1,T0E4C7B2
256,T0E0C1|B1E1C1|B0E2C0,T0E5C6B2
257,T0E0C1|B1E1C1|B0E2C1,T0E5C7B2
258,T0E0C1|B1E1C1|B1E0C0,T0E3C6B3
259,T0E0C1|B1E1C1|B1E0C1,T0E3C7B3
260,T0E0C1|B1E1C1|B1E1C0,T0E4C6B3
261,T0E0C1|B1E1C1|B1E1C1,T0E4C7B3
262,T0E0C1|B1E1C1|B1E2C0,T0E5C6B3
263,T0E0C1|B1E1C1|B1E2C1,T0E5C7B3
264,T0E0C1|B1E2C0|B0E0C0,T0E6C4B2
265,T0E0C1|B1E2C0|B0E0C1,T0E6C5B2
266,T0E0C1|B1E2C0|B0E1C0,T0E7C4B2
267,T0E0C1|B1E2C0|B0E1C1,T0E7C5B2
268,T0E0C1|B1E2C0|B0E2C0,T0E8C4B2
269,T0E0C1|B1E2C0|B0E2C1,T0E8C5B2
270,T0E0C1|B1E2C0|B1E0C0,T0E6C4B3
271,T0E0C1|B1E2C0|B1E0C1,T0E6C5B3
272,T0E0C1|B1E2C0|B1E1C0,T0E7C4B3
273,T0E0C1|B1E2C0|B1E1C1,T0E7C5B3
274,T0E0C1|B1E2C0|B1E2C0,T0E8C4B3
275,T0E0C1|B1E2C0|B1E2C1,T0E8C5B3
276,T0E0C1|B1E2C1|B0E0C0,T0E6C6B2
277,T0E0C1|B1E2C1|B0E0C1,T0E6C7B2
278,T0E0C1|B1E2C1|B0E1C0,T0E7C6B2
279,T0E0C1|B1E2C1|B0E1C1,T0E7C7B2
280,T0E0C1|B1E2C1|B0E2C0,T0E8C6B2
281,T0E0C1|B1E2C1|B0E2C1,T0E8C7B2
282,T0E0C1|B1E2C1|B1E0C0,T0E6C6B3
283,T0E0C1|B1E2C1|B1E0C1,T0E6C7B3
284,T0E0C1|B1E2C1|B1E1C0,T0E7C6B3
285,T0E0C1|B1E2C1|B1E1C1,T0E7C7B3
286,T0E0C1|B1E2C1|B1E2C0,T0E8C6B3
287,T0E0C1|B1E2C1|B1E2C1,T0E8C7B3
288,T0E1C0|B0E0C0|B0E0C0,T0E9C0B0
289,T0E1C0|B0E0C0|B0E0C1,T0E9C1B0
290,T0E1C0|B0E0C0|B0E1C0,T0E10C0B0
291,T0E1C0|B0E0C0|B0E1C1,T0E10C1B0
292,T0E1C0|B0E0C0|B0E2C0,T0E11C0B0
293,T0E1C0|B0E0C0|B0E2C1,T0E11C1B0
294,T0E1C0|B0E0C0|B1E0C0,T0E9C0B1
295,T0E1C0|B0E0C0|B1E0C1,T0E9C1B1
296,T0E1C0|B0E0C0|B1E1C0,T0E10C0B1
297,T0E1C0|B0E0C0|B1E1C1,T0E10C1B1
298,T0E1C0|B0E0C0|B1E2C0,T0E11C0B1
299,T0E1C0|B0E0C0|B1E2C1,T0E11C1B1
300,T0E1C0|B0E0C1|B0E0C0,T0E9C2B0
301,T0E1C0|B0E0C1|B0E0C1,T0E9C3B0
302,T0E1C0|B0E0C1|B0E1C0,T0E10C2B0
303,T0E1C0|B0E0C1|B0E1C1,T0E10C3B0
304,T0E1C0|B0E0C1|B0E2C0,T0E11C2B0
305,T0E1C0|B0E0C1|B0E2C1,T0E11C3B0
306,T0E1C0|B0E0C1|B1E0C0,T0E9C2B1
307,T0E1C0|B0E0C1|B1E0C1,T0E9C3B1
308,T0E1C0|B0E0C1|B1E1C0,T0E10C2B1
309,T0E1C0|B0E0C1|B1E1C1,T0E10C3B1
310,T0E1C0|B0E0C1|B1E2C0,T0E11C2B1
311,T0E1C0|B0E0C1|B1E2C1,T0E11C3B1
312,T0E1C0|B0E1C0|B0E0C0,T0E12C0B0
313,T0E1C0|B0E1C0|B0E0C1,T0E12C1B0
314,T0E1C0|B0E1C0|B0E1C0,T0E13C0B0
315,T0E1C0|B0E1C0|B0E1C1,T0E13C1B0
316,T0E1C0|B0E1C0|B0E2C0,T0E14C0B0
317,T0E1C0|B0E1C0|B0E2C1,T0E14C1B0
318,T0E1C0|B0E1C0|B1E0C0,T0E12C0B1
319,T0E1C0|B0E1C0|B1E0C1,T0E12C1B1
320,T0E1C0|B0E1C0|B1E1C0,T0E13C0B1
321,T0E1C0|B0E1C0|B1E1C1,T0E13C1B1
322,T0E1C0|B0E1C0|B1E2C0,T0E14C0B1
323,T0E1C0|B0E1C0|B1E2C1,T0E14C1B1
324,T0E1C0|B0E1C1|B0E0C0,T0E12C2B0
325,T0E1C0|B0E1C1|B0E0C1,T0E12C3B0
326,T0E1C0|B0E1C1|B0E1C0,T0E13C2B0
327,T0E1C0|B0E1C1|B0E1C1,T0E13C3B0
328,T0E1C0|B0E1C1|B0E2C0,T0E14C2B0
329,T0E1C0|B0E1C1|B0E2C1,T0E14C3B0
330,T0E1C0|B0E1C1|B1E0C0,T0E12C2B1
331,T0E1C0|B0E1C1|B1E0C1,T0E12C3B1
332,T0E1C0|B0E1C1|B1E1C0,T0E13C2B1
333,T0E1C0|B0E1C1|B1E1C1,T0E13C3B1
334,T0E1C0|B0E1C1|B1E2C0,T0E14C2B1
335,T0E1C0|B0E1C1|B1E2C1,T0E14C3B1
336,T0E1C0|B0E2C0|B0E0C0,T0E15C0B0
337,T0E1C0|B0E2C0|B0E0C1,T0E15C1B0
338,T0E1C0|B0E2C0|B0E1C0,T0E16C0B0
339,T0E1C0|B0E2C0|B0E1C1,T0E16C1B0
340,T0E1C0|B0E2C0|B0E2C0,T0E17C0B0
341,T0E1C0|B0E2C0|B0E2C1,T0E17C1B0
342,T0E1C0|B0E2C0|B1E0C0,T0E15C0B1
343,T0E1C0|B0E2C0|B1E0C1,T0E15C1B1
344,T0E1C0|B0E2C0|B1E1C0,T0E16C0B1
345,T0E1C0|B0E2C0|B1E1C1,T0E16C1B1
346,T0E1C0|B0E2C0|B1E2C0,T0E17C0B1
347,T0E1C0|B0E2C0|B1E2C1,T0E17C1B1
348,T0E1C0|B0E2C1|B0E0C0,T0E15C2B0
349,T0E1C0|B0E2C1|B0E0C1,T0E15C3B0
350,T0E1C0|B0E2C1|B0E1C0,T0E16C2B0
351,T0E1C0|B0E2C1|B0E1C1,T0E16C3B0
352,T0E1C0|B0E2C1|B0E2C0,T0E17C2B0
353,T0E1C0|B0E2C1|B0E2C1,T0E17C3B0
354,T0E1C0|B0E2C1|B1E0C0,T0E15C2B1
355,T0E1C0|B0E2C1|B1E0C1,T0E15C3B1
356,T0E1C0|B0E2C1|B1E1C0,T0E16C2B1
357,T0E1C0|B0E2C1|B1E1C1,T0E16C3B1
358,T0E1C0|B0E2C1|B1E2C0,T0E17C2B1
359,T0E1C0|B0E2C1|B1E2C1,T0E17C3B1
360,T0E1C0|B1E0C0|B0E0C0,T0E9C0B2
361,T0E1C0|B1E0C0|B0E0C1,T0E9C1B2
362,T0E1C0|B1E0C0|B0E1C0,T0E10C0B2
363,T0E1C0|B1E0C0|B0E1C1,T0E10C1B2
364,T0E1C0|B1E0C0|B0E2C0,T0E11C0B2
365,T0E1C0|B1E0C0|B0E2C1,T0E11C1B2
366,T0E1C0|B1E0C0|B1E0C0,T0E9C0B3
367,T0E1C0|B1E0C0|B1E0C1,T0E9C1B3
368,T0E1C0|B1E0C0|B1E1C0,T0E10C0B3
369,T0E1C0|B1E0C0|B1E1C1,T0E10C1B3
370,T0E1C0|B1E0C0|B1E2C0,T0E11C0B3
371,T0E1C0|B1E0C0|B1E2C1,T0E11C1B3
372,T0E1C0|B1E0C1|B0E0C0,T0E9C2B2
373,T0E1C0|B1E0C1|B0E0C1,T0E9C3B2
374,T0E1C0|B1E0C1|B0E1C0,T0E10C2B2
375,T0E1C0|B1E0C1|B0E1C1,T0E10C3B2
376,T0E1C0|B1E0C1|B0E2C0,T0E11C2B2
377,T0E1C0|B1E0C1|B0E2C1,T0E11C3B2
378,T0E1C0|B1E0C1|B1E0C0,T0E9C2B3
379,T0E1C0|B1E0C1|B1E0C1,T0E9C3B3
380,T0E1C0|B1E0C1|B1E1C0,T0E10C2B3
381,T0E1C0|B1E0C1|B1E1C1,T0E10C3B3
382,T0E1C0|B1E0C1|B1E2C0,T0E11C2B3
383,T0E1C0|B1E0C1|B1E2C1,T0E11C3B3
384,T0E1C0|B1E1C0|B0E0C0,T0E12C0B2
385,T0E1C0|B1E1C0|B0E0C1,T0E12C1B2
386,T0E1C0|B1E1C0|B0E1C0,T0E13C0B2
387,T0E1C0|B1E1C0|B0E1C1,T0E13C1B2
388,T0E1C0|B1E1C0|B0E2C0,T0E14C0B2
389,T0E1C0|B1E1C0|B0E2C1,T0E14C1B2
390,T0E1C0|B1E1C0|B1E0C0,T0E12C0B3
391,T0E1C0|B1E1C0|B1E0C1,T0E12C1B3
392,T0E1C0|B1E1C0|B1E1C0,T0E13C0B3
393,T0E1C0|B1E1C0|B1E1C1,T0E13C1B3
394,T0E1C0|B1E1C0|B1E2C0,T0E14C0B3
395,T0E1C0|B1E1C0|B1E2C1,T0E14C1B3
396,T0E1C0|B1E1C1|B0E0C0,T0E12C2B2
397,T0E1C0|B1E1C1|B0E0C1,T0E12C3B2
398,T0E1C0|B1E1C1|B0E1C0,T0E13C2B2
399,T0E1C0|B1E1C1|B0E1C1,T0E13C3B2
400,T0E1C0|B1E1C1|B0E2C0,T0E14C2B2
401,T0E1C0|B1E1C1|B0E2C1,T0E14C3B2
402,T0E1C0|B1E1C1|B1E0C0,T0E12C2B3
403,T0E1C0|B1E1C1|B1E0C1,T0E12C3B3
404,T0E1C0|B1E1C1|B1E1C0,T0E13C2B3
405,T0E1C0|B1E1C1|B1E1C1,T0E13C3B3
406,T0E1C0|B1E1C1|B1E2C0,T0E14C2B3
407,T0E1C0|B1E1C1|B1E2C1,T0E14C3B3
408,T0E1C0|B1E2C0|B0E0C0,T0E15C0B2
409,T0E1C0|B1E2C0|B0E0C1,T0E15C1B2
410,T0E1C0|B1E2C0|B0E1C0,T0E16C0B2
411,T0E1C0|B1E2C0|B0E1C1,T0E16C1B2
412,T0E1C0|B1E2C0|B0E2C0,T0E17C0B2
413,T0E1C0|B1E2C0|B0E2C1,T0E17C1B2
414,T0E1C0|B1E2C0|B1E0C0,T0E15C0B3
415,T0E1C0|B1E2C0|B1E0C1,T0E15C1B3
416,T0E1C0|B1E2C0|B1E1C0,T0E16C0B3
417,T0E1C0|B1E2C0|B1E1C1,T0E16C1B3
418,T0E1C0|B1E2C0|B1E2C0,T0E17C0B3
419,T0E1C0|B1E2C0|B1E2C1,T0E17C1B3
420,T0E1C0|B1E2C1|B0E0C0,T0E15C2B2
421,T0E1C0|B1E2C1|B0E0C1,T0E15C3B2
422,T0E1C0|B1E2C1|B0E1C0,T0E16C2B2
423,T0E1C0|B1E2C1|B0E1C1,T0E16C3B2
424,T0E1C0|B1E2C1|B0E2C0,T0E17C2B2
425,T0E1C0|B1E2C1|B0E2C1,T0E17C3B2
426,T0E1C0|B1E2C1|B1E0C0,T0E15C2B3
427,T0E1C0|B1E2C1|B1E0C1,T0E15C3B3
428,T0E1C0|B1E2C1|B1E1C0,T0E16C2B3
429,T0E1C0|B1E2C1|B1E1C1,T0E16C3B3
430,T0E1C0|B1E2C1|B1E2C0,T0E17C2B3
431,T0E1C0|B1E2C1|B1E2C1,T0E17C3B3
432,T0E1C1|B0E0C0|B0E0C0,T0E9C4B0
433,T0E1C1|B0E0C0|B0E0C1,T0E9C5B0
434,T0E1C1|B0E0C0|B0E1C0,T0E10C4B0
435,T0E1C1|B0E0C0|B0E1C1,T0E10C5B0
436,T0E1C1|B0E0C0|B0E2C0,T0E11C4B0
437,T0E1C1|B0E0C0|B0E2C1,T0E11C5B0
438,T0E1C1|B0E0C0|B1E0C0,T0E9C4B1
439,T0E1C1|B0E0C0|B1E0C1,T0E9C5B1
440,T0E1C1|B0E0C0|B1E1C0,T0E10C4B1
441,T0E1C1|B0E0C0|B1E1C1,T0E10C5B1
442,T0E1C1|B0E0C0|B1E2C0,T0E11C4B1
443,T0E1C1|B0E0C0|B1E2C1,T0E11C5B1
444,T0E1C1|B0E0C1|B0E0C0,T0E9C6B0
445,T0E1C1|B0E0C1|B0E0C1,T0E9C7B0
446,T0E1C1|B0E0C1|B0E1C0,T0E10C6B0
447,T0E1C1|B0E0C1|B0E1C1,T0E10C7B0
448,T0E1C1|B0E0C1|B0E2C0,T0E11C6B0
449,T0E1C1|B0E0C1|B0E2C1,T0E11C7B0
450,T0E1C1|B0E0C1|B1E0C0,T0E9C6B1
451,T0E1C1|B0E0C1|B1E0C1,T0E9C7B1
452,T0E1C1|B0E0C1|B1E1C0,T0E10C6B1
453,T0E1C1|B0E0C1|B1E1C1,T0E10C7B1
454,T0E1C1|B0E0C1|B1E2C0,T0E11C6B1
455,T0E1C1|B0E0C1|B1E2C1,T0E11C7B1
456,T0E1C1|B0E1C0|B0E0C0,T0E12C4B0
457,T0E1C1|B0E1C0|B0E0C1,T0E12C5B0
458,T0E1C1|B0E1C0|B0E1C0,T0E13C4B0
459,T0E1C1|B0E1C0|B0E1C1,T0E13C5B0
460,T0E1C1|B0E1C0|B0E2C0,T0E14C4B0
461,T0E1C1|B0E1C0|B0E2C1,T0E14C5B0
462,T0E1C1|B0E1C0|B1E0C0,T0E12C4B1
463,T0E1C1|B0E1C0|B1E0C1,T0E12C5B1
464,T0E1C1|B0E1C0|B1E1C0,T0E13C4B1
465,T0E1C1|B0E1C0|B1E1C1,T0E13C5B1
466,T0E1C1|B0E1C0|B1E2C0,T0E14C4B1
467,T0E1C1|B0E1C0|B1E2C1,T0E14C5B1
468,T0E1C1|B0E1C1|B0E0C0,T0E12C6B0
469,T0E1C1|B0E1C1|B0E0C1,T0E12C7B0
470,T0E1C1|B0E1C1|B0E1C0,T0E13C6B0
471,T0E1C1|B0E1C1|B0E1C1,T0E13C7B0
472,T0E1C1|B0E1C1|B0E2C0,T0E14C6B0
473,T0E1C1|B0E1C1|B0E2C1,T0E14C7B0
474,T0E1C1|B0E1C1|B1E0C0,T0E12C6B1
475,T0E1C1|B0E1C1|B1E0C1,T0E12C7B1
476,T0E1C1|B0E1C1|B1E1C0,T0E13C6B1
477,T0E1C1|B0E1C1|B1E1C1,T0E13C7B1
478,T0E1C1|B0E1C1|B1E2C0,T0E14C6B1
479,T0E1C1|B0E1C1|B1E2C1,T0E14C7B1
480,T0E1C1|B0E2C0|B0E0C0,T0E15C4B0
481,T0E1C1|B0E2C0|B0E0C1,T0E15C5B0
482,T0E1C1|B0E2C0|B0E1C0,T0E16C4B0
483,T0E1C1|B0E2C0|B0E1C1,T0E16C5B0
484,T0E1C1|B0E2C0|B0E2C0,T0E17C4B0
485,T0E1C1|B0E2C0|B0E2C1,T0E17C5B0
486,T0E1C1|B0E2C0|B1E0C0,T0E15C4B1
487,T0E1C1|B0E2C0|B1E0C1,T0E15C5B1
488,T0E1C1|B0E2C0|B1E1C0,T0E16C4B1
489,T0E1C1|B0E2C0|B1E1C1,T0E16C5B1
490,T0E1C1|B0E2C0|B1E2C0,T0E17C4B1
491,T0E1C1|B0E2C0|B1E2C1,T0E17C5B1
492,T0E1C1|B0E2C1|B0E0C0,T0E15C6B0
493,T0E1C1|B0E2C1|B0E0C1,T0E15C7B0
494,T0E1C1|B0E2C1|B0E1C0,T0E16C6B0
495,T0E1C1|B0E2C1|B0E1C1,T0E16C7B0
496,T0E1C1|B0E2C1|B0E2C0,T0E17C6B0
497,T0E1C1|B0E2C1|B0E2C1,T0E17C7B0
498,T0E1C1|B0E2C1|B1E0C0,T0E15C6B1
499,T0E1C1|B0E2C1|B1E0C1,T0E15C7B1
500,T0E1C1|B0E2C1|B1E1C0,T0E16C6B1
501,T0E1C1|B0E2C1|B1E1C1,T0E16C7B1
502,T0E1C1|B0E2C1|B1E2C0,T0E17C6B1
503,T0E1C1|B0E2C1|B1E2C1,T0E17C7B1
504,T0E1C1|B1E0C0|B0E0C0,T0E9C4B2
505,T0E1C1|B1E0C0|B0E0C1,T0E9C5B2
506,T0E1C1|B1E0C0|B0E1C0,T0E10C4B2
507,T0E1C1|B1E0C0|B0E1C1,T0E10C5B2
508,T0E1C1|B1E0C0|B0E2C0,T0E11C4B2
509,T0E1C1|B1E0C0|B0E2C1,T0E11C5B2
510,T0E1C1|B1E0C0|B1E0C0,T0E9C4B3
511,T0E1C1|B1E0C0|B1E0C1,T0E9C5B3
512,T0E1C1|B1E0C0|B1E1C0,T0E10C4B3
513,T0E1C1|B1E0C0|B1E1C1,T0E10C5B3
514,T0E1C1|B1E0C0|B1E2C0,T0E11C4B3
515,T0E1C1|B1E0C0|B1E2C1,T0E11C5B3
516,T0E1C1|B1E0C1|B0E0C0,T0E9C6B2
517,T0E1C1|B1E0C1|B0E0C1,T0E9C7B2
518,T0E1C1|B1E0C1|B0E1C0,T0E10C6B2
519,T0E1C1|B1E0C1|B0E1C1,T0E10C7B2
520,T0E1C1|B1E0C1|B0E2C0,T0E11C6B2
521,T0E1C1|B1E0C1|B0E2C1,T0E11C7B2
522,T0E1C1|B1E0C1|B1E0C0,T0E9C6B3
523,T0E1C1|B1E0C1|B1E0C1,T0E9C7B3
524,T0E1C1|B1E0C1|B1E1C0,T0E10C6B3
525,T0E1C1|B1E0C1|B1E1C1,T0E10C7B3
526,T0E1C1|B1E0C1|B1E2C0,T0E11C6B3
527,T0E1C1|B1E0C1|B1E2C1,T0E11C7B3
528,T0E1C1|B1E1C0|B0E0C0,T0E12C4B2
529,T0E1C1|B1E1C0|B0E0C1,T0E12C5B2
530,T0E1C1|B1E1C0|B0E1C0,T0E13C4B2
531,T0E1C1|B1E1C0|B0E1C1,T0E13C5B2
532,T0E1C1|B1E1C0|B0E2C0,T0E14C4B2
533,T0E1C1|B1E1C0|B0E2C1,T0E14C5B2
534,T0E1C1|B1E1C0|B1E0C0,T0E12C4B3
535,T0E1C1|B1E1C0|B1E0C1,T0E12C5B3
536,T0E1C1|B1E1C0|B1E1C0,T0E13C4B3
537,T0E1C1|B1E1C0|B1E1C1,T0E13C5B3
538,T0E1C1|B1E1C0|B1E2C0,T0E14C4B3
539,T0E1C1|B1E1C0|B1E2C1,T0E14C5B3
540,T0E1C1|B1E1C1|B0E0C0,T0E12C6B2
541,T0E1C1|B1E1C1|B0E0C1,T0E12C7B2
542,T0E1C1|B1E1C1|B0E1C0,T0E13C6B2
543,T0E1C1|B1E1C1|B0E1C1,T0E13C7B2
544,T0E1C1|B1E1C1|B0E2C0,T0E14C6B2
545,T0E1C1|B1E1C1|B0E2C1,T0E14C7B2
546,T0E1C1|B1E1C1|B1E0C0,T0E12C6B3
547,T0E1C1|B1E1C1|B1E0C1,T0E12C7B3
548,T0E1C1|B1E1C1|B1E1C0,T0E13C6B3
549,T0E1C1|B1E1C1|B1E1C1,T0E13C7B3
550,T0E1C1|B1E1C1|B1E2C0,T0E14C6B3
551,T0E1C1|B1E1C1|B1E2C1,T0E14C7B3
552,T0E1C1|B1E2C0|B0E0C0,T0E15C4B2
553,T0E1C1|B1E2C0|B0E0C1,T0E15C5B2
554,T0E1C1|B1E2C0|B0E1C0,T0E16C4B2
555,T0E1C1|B1E2C0|B0E1C1,T0E16C5B2
556,T0E1C1|B1E2C0|B0E2C0,T0E17C4B2
557,T0E1C1|B1E2C0|B0E2C1,T0E17C5B2
558,T0E1C1|B1E2C0|B1E0C0,T0E15C4B3
559,T0E1C1|B1E2C0|B1E0C1,T0E15C5B3
560,T0E1C1|B1E2C0|B1E1C0,T0E16C4B3
561,T0E1C1|B1E2C0|B1E1C1,T0E16C5B3
562,T0E1C1|B1E2C0|B1E2C0,T0E17C4B3
563,T0E1C1|B1E2C0|B1E2C1,T0E17C5B3
564,T0E1C1|B1E2C1|B0E0C0,T0E15C6B2
565,T0E1C1|B1E2C1|B0E0C1,T0E15C7B2
566,T0E1C1|B1E2C1|B0E1C0,T0E16C6B2
567,T0E1C1|B1E2C1|B0E1C1,T0E16C7B2
568,T0E1C1|B1E2C1|B0E2C0,T0E17C6B2
569,T0E1C1|B1E2C1|B0E2C1,T0E17C7B2
570,T0E1C1|B1E2C1|B1E0C0,T0E15C6B3
571,T0E1C1|B1E2C1|B1E0C1,T0E15C7B3
572,T0E1C1|B1E2C1|B1E1C0,T0E16C6B3
573,T0E1C1|B1E2C1|B1E1C1,T0E16C7B3
574,T0E1C1|B1E2C1|B1E2C0,T0E17C6B3
575,T0E1C1|B1E2C1|B1E2C1,T0E17C7B3
576,T0E2C0|B0E0C0|B0E0C0,T0E18C0B0
577,T0E2C0|B0E0C0|B0E0C1,T0E18C1B0
578,T0E2C0|B0E0C0|B0E1C0,T0E19C0B0
579,T0E2C0|B0E0C0|B0E1C1,T0E19C1B0
580,T0E2C0|B0E0C0|B0E2C0,T0E20C0B0
581,T0E2C0|B0E0C0|B0E2C1,T0E20C1B0
582,T0E2C0|B0E0C0|B1E0C0,T0E18C0B1
583,T0E2C0|B0E0C0|B1E0C1,T0E18C1B1
584,T0E2C0|B0E0C0|B1E1C0,T0E19C0B1
585,T0E2C0|B0E0C0|B1E1C1,T0E19C1B1
586,T0E2C0|B0E0C0|B1E2C0,T0E20C0B1
587,T0E2C0|B0E0C0|B1E2C1,T0E20C1B1
588,T0E2C0|B0E0C1|B0E0C0,T0E18C2B0
589,T0E2C0|B0E0C1|B0E0C1,T0E18C3B0
590,T0E2C0|B0E0C1|B0E1C0,T0E19C2B0
591,T0E2C0|B0E0C1|B0E1C1,T0E19C3B0
592,T0E2C0|B0E0C1|B0E2C0,T0E20C2B0
593,T0E2C0|B0E0C1|B0E2C1,T0E20C3B0
594,T0E2C0|B0E0C1|B1E0C0,T0E18C2B1
595,T0E2C0|B0E0C1|B1E0C1,T0E18C3B1
596,T0E2C0|B0E0C1|B1E1C0,T0E19C2B1
597,T0E2C0|B0E0C1|B1E1C1,T0E19C3B1
598,T0E2C0|B0E0C1|B1E2C0,T0E20C2B1
599,T0E2C0|B0E0C1|B1E2C1,T0E20C3B1
600,T0E2C0|B0E1C0|B0E0C0,T0E21C0B0
601,T0E2C0|B0E1C0|B0E0C1,T0E21C1B0
602,T0E2C0|B0E1C0|B0E1C0,T0E22C0B0
603,T0E2C0|B0E1C0|B0E1C1,T0E22C1B0
604,T0E2C0|B0E1C0|B0E2C0,T0E23C0B0
605,T0E2C0|B0E1C0|B0E2C1,T0E23C1B0
606,T0E2C0|B0E1C0|B1E0C0,T0E21C0B1
607,T0E2C0|B0E1C0|B1E0C1,T0E21C1B1
608,T0E2C0|B0E1C0|B1E1C0,T0E22C0B1
609,T0E2C0|B0E1C0|B1E1C1,T0E22C1B1
610,T0E2C0|B0E1C0|B1E2C0,T0E23C0B1
611,T0E2C0|B0E1C0|B1E2C1,T0E23C1B1
612,T0E2C0|B0E1C1|B0E0C0,T0E21C2B0
613,T0E2C0|B0E1C1|B0E0C1,T0E21C3B0
614,T0E2C0|B0E1C1|B0E1C0,T0E22C2B0
615,T0E2C0|B0E1C1|B0E1C1,T0E22C3B0
616,T0E2C0|B0E1C1|B0E2C0,T0E23C2B0
617,T0E2C0|B0E1C1|B0E2C1,T0E23C3B0
618,T0E2C0|B0E1C1|B1E0C0,T0E21C2B1
619,T0E2C0|B0E1C1|B1E0C1,T0E21C3B1
620,T0E2C0|B0E1C1|B1E1C0,T0E22C2B1
621,T0E2C0|B0E1C1|B1E1C1,T0E22C3B1
622,T0E2C0|B0E1C1|B1E2C0,T0E23C2B1
623,T0E2C0|B0E1C1|B1E2C1,T0E23C3B1
624,T0E2C0|B0E2C0|B0E0C0,T0E24C0B0
625,T0E2C0|B0E2C0|B0E0C1,T0E24C1B0
626,T0E2C0|B0E2C0|B0E1C0,T0E25C0B0
627,T0E2C0|B0E2C0|B0E1C1,T0E25C1B0
628,T0E2C0|B0E2C0|B0E2C0,T0E26C0B0
629,T0E2C0|B0E2C0|B0E2C1,T0E26C1B0
630,T0E2C0|B0E2C0|B1E0C0,T0E24C0B1
631,T0E2C0|B0E2C0|B1E0C1,T0E24C1B1
632,T0E2C0|B0E2C0|B1E1C0,T0E25C0B1
633,T0E2C0|B0E2C0|B1E1C1,T0E25C1B1
634,T0E2C0|B0E2C0|B1E2C0,T0E26C0B1
635,T0E2C0|B0E2C0|B1E2C1,T0E26C1B1
636,T0E2C0|B0E2C1|B0E0C0,T0E24C2B0
637,T0E2C0|B0E2C1|B0E0C1,T0E24C3B0
638,T0E2C0|B0E2C1|B0E1C0,T0E25C2B0
639,T0E2C0|B0E2C1|B0E1C1,T0E25C3B0
640,T0E2C0|B0E2C1|B0E2C0,T0E26C2B0
641,T0E2C0|B0E2C1|B0E2C1,T0E26C3B0
642,T0E2C0|B0E2C1|B1E0C0,T0E24C2B1
643,T0E2C0|B0E2C1|B1E0C1,T0E24C3B1
644,T0E2C0|B0E2C1|B1E1C0,T0E25C2B1
645,T0E2C0|B0E2C1|B1E1C1,T0E25C3B1
646,T0E2C0|B0E2C1|B1E2C0,T0E26C2B1
647,T0E2C0|B0E2C1|B1E2C1,T0E26C3B1
648,T0E2C0|B1E0C0|B0E0C0,T0E18C0B2
649,T0E2C0|B1E0C0|B0E0C1,T0E18C1B2
650,T0E2C0|B1E0C0|B0E1C0,T0E19C0B2
651,T0E2C0|B1E0C0|B0E1C1,T0E19C1B2
652,T0E2C0|B1E0C0|B0E2C0,T0E20C0B2
653,T0E2C0|B1E0C0|B0E2C1,T0E20C1B2
654,T0E2C0|B1E0C0|B1E0C0,T0E18C0B3
655,T0E2C0|B1E0C0|B1E0C1,T0E18C1B3
656,T0E2C0|B1E0C0|B1E1C0,T0E19C0B3
657,T0E2C0|B1E0C0|B1E1C1,T0E19C1B3
658,T0E2C0|B1E0C0|B1E2C0,T0E20C0B3
659,T0E2C0|B1E0C0|B1E2C1,T0E20C1B3
660,T0E2C0|B1E0C1|B0E0C0,T0E18C2B2
661,T0E2C0|B1E0C1|B0E0C1,T0E18C3B2
662,T0E2C0|B1E0C1|B0E1C0,T0E19C2B2
663,T0E2C0|B1E0C1|B0E1C1,T0E19C3B2
664,T0E2C0|B1E0C1|B0E2C0,T0E20C2B2
665,T0E2C0|B1E0C1|B0E2C1,T0E20C3B2
666,T0E2C0|B1E0C1|B1E0C0,T0E18C2B3
667,T0E2C0|B1E0C1|B1E0C1,T0E18C3B3
668,T0E2C0|B1E0C1|B1E1C0,T0E19C2B3
669,T0E2C0|B1E0C1|B1E1C1,T0E19C3B3
670,T0E2C0|B1E0C1|B1E2C0,T0E20C2B3
671,T0E2C0|B1E0C1|B1E2C1,T0E20C3B3
672,T0E2C0|B1E1C0|B0E0C0,T0E21C0B2
673,T0E2C0|B1E1C0|B0E0C1,T0E21C1B2
674,T0E2C0|B1E1C0|B0E1C0,T0E22C0B2
675,T0E2C0|B1E1C0|B0E1C1,T0E22C1B2
676,T0E2C0|B1E1C0|B0E2C0,T0E23C0B2
677,T0E2C0|B1E1C0|B0E2C1,T0E23C1B2
678,T0E2C0|B1E1C0|B1E0C0,T0E21C0B3
679,T0E2C0|B1E1C0|B1E0C1,T0E21C1B3
680,T0E2C0|B1E1C0|B1E1C0,T0E22C0B3
681,T0E2C0|B1E1C0|B1E1C1,T0E22C1B3
682,T0E2C0|B1E1C0|B1E2C0,T0E23C0B3
683,T0E2C0|B1E1C0|B1E2C1,T0E23C1B3
684,T0E2C0|B1E1C1|B0E0C0,T0E21C2B2
685,T0E2C0|B1E1C1|B0E0C1,T0E21C3B2
686,T0E2C0|B1E1C1|B0E1C0,T0E22C2B2
687,T0E2C0|B1E1C1|B0E1C1,T0E22C3B2
688,T0E2C0|B1E1C1|B0E2C0,T0E23C2B2
689,T0E2C0|B1E1C1|B0E2C1,T0E23C3B2
690,T0E2C0|B1E1C1|B1E0C0,T0E21C2B3
691,T0E2C0|B1E1C1|B1E0C1,T0E21C3B3
692,T0E2C0|B1E1C1|B1E1C0,T0E22C2B3
693,T0E2C0|B1E1C1|B1E1C1,T0E22C3B3
694,T0E2C0|B1E1C1|B1E2C0,T0E23C2B3
695,T0E2C0|B1E1C1|B1E2C1,T0E23C3B3
696,T0E2C0|B1E2C0|B0E0C0,T0E24C0B2
697,T0E2C0|B1E2C0|B0E0C1,T0E24C1B2
698,T0E2C0|B1E2C0|B0E1C0,T0E25C0B2
699,T0E2C0|B1E2C0|B0E1C1,T0E25C1B2
700,T0E2C0|B1E2C0|B0E2C0,T0E26C0B2
701,T0E2C0|B1E2C0|B0E2C1,T0E26C1B2
702,T0E2C0|B1E2C0|B1E0C0,T0E24C0B3
703,T0E2C0|B1E2C0|B1E0C1,T0E24C1B3
704,T0E2C0|B1E2C0|B1E1C0,T0E25C0B3
705,T0E2C0|B1E2C0|B1E1C1,T0E25C1B3
706,T0E2C0|B1E2C0|B1E2C0,T0E26C0B3
707,T0E2C0|B1E2C0|B1E2C1,T0E26C1B3
708,T0E2C0|B1E2C1|B0E0C0,T0E24C2B2
709,T0E2C0|B1E2C1|B0E0C1,T0E24C3B2
710,T0E2C0|B1E2C1|B0E1C0,T0E25C2B2
711,T0E2C0|B1E2C1|B0E1C1,T0E25C3B2
712,T0E2C0|B1E2C1|B0E2C0,T0E26C2B2
713,T0E2C0|B1E2C1|B0E2C1,T0E26C3B2
714,T0E2C0|B1E2C1|B1E0C0,T0E24C2B3
715,T0E2C0|B1E2C1|B1E0C1,T0E24C3B3
716,T0E2C0|B1E2C1|B1E1C0,T0E25C2B3
717,T0E2C0|B1E2C1|B1E1C1,T0E25C3B3
718,T0E2C0|B1E2C1|B1E2C0,T0E26C2B3
719,T0E2C0|B1E2C1|B1E2C1,T0E26C3B3
720,T0E2C1|B0E0C0|B0E0C0,T0E18C4B0
721,T0E2C1|B0E0C0|B0E0C1,T0E18C5B0
722,T0E2C1|B0E0C0|B0E1C0,T0E19C4B0
723,T0E2C1|B0E0C0|B0E1C1,T0E19C5B0
724,T0E2C1|B0E0C0|B0E2C0,T0E20C4B0
725,T0E2C1|B0E0C0|B0E2C1,T0E20C5B0
726,T0E2C1|B0E0C0|B1E0C0,T0E18C4B1
727,T0E2C1|B0E0C0|B1E0C1,T0E18C5B1
728,T0E2C1|B0E0C0|B1E1C0,T0E19C4B1
729,T0E2C1|B0E0C0|B1E1C1,T0E19C5B1
730,T0E2C1|B0E0C0|B1E2C0,T0E20C4B1
731,T0E2C1|B0E0C0|B1E2C1,T0E20C5B1
732,T0E2C1|B0E0C1|B0E0C0,T0E18C6B0
733,T0E2C1|B0E0C1|B0E0C1,T0E18C7B0
734,T0E2C1|B0E0C1|B0E1C0,T0E19C6B0
735,T0E2C1|B0E0C1|B0E1C1,T0E19C7B0
736,T0E2C1|B0E0C1|B0E2C0,T0E20C6B0
737,T0E2C1|B0E0C1|B0E2C1,T0E20C7B0
738,T0E2C1|B0E0C1|B1E0C0,T0E18C6B1
739,T0E2C1|B0E0C1|B1E0C1,T0E18C7B1
740,T0E2C1|B0E0C1|B1E1C0,T0E19C6B1
741,T0E2C1|B0E0C1|B1E1C1,T0E19C7B1
742,T0E2C1|B0E0C1|B1E2C0,T0E20C6B1
743,T0E2C1|B0E0C1|B1E2C1,T0E20C7B1
744,T0E2C1|B0E1C0|B0E0C0,T0E21C4B0
745,T0E2C1|B0E1C0|B0E0C1,T0E21C5B0
746,T0E2C1|B0E1C0|B0E1C0,T0E22C4B0
747,T0E2C1|B0E1C0|B0E1C1,T0E22C5B0
748,T0E2C1|B0E1C0|B0E2C0,T0E23C4B0
749,T0E2C1|B0E1C0|B0E2C1,T0E23C5B0
750,T0E2C1|B0E1C0|B1E0C0,T0E21C4B1
751,T0E2C1|B0E1C0|B1E0C1,T0E21C5B1
752,T0E2C1|B0E1C0|B1E1C0,T0E22C4B1
753,T0E2C1|B0E1C0|B1E1C1,T0E22C5B1
754,T0E2C1|B0E1C0|B1E2C0,T0E23C4B1
755,T0E2C1|B0E1C0|B1E2C1,T0E23C5B1
756,T0E2C1|B0E1C1|B0E0C0,T0E21C6B0
757,T0E2C1|B0E1C1|B0E0C1,T0E21C7B0
758,T0E2C1|B0E1C1|B0E1C0,T0E22C6B0
759,T0E2C1|B0E1C1|B0E1C1,T0E22C7B0
760,T0E2C1|B0E1C1|B0E2C0,T0E23C6B0
761,T0E2C1|B0E1C1|B0E2C1,T0E23C7B0
762,T0E2C1|B0E1C1|B1E0C0,T0E21C6B1
763,T0E2C1|B0E1C1|B1E0C1,T0E21C7B1
764,T0E2C1|B0E1C1|B1E1C0,T0E22C6B1
765,T0E2C1|B0E1C1|B1E1C1,T0E22C7B1
766,T0E2C1|B0E1C1|B1E2C0,T0E23C6B1
767,T0E2C1|B0E1C1|B1E2C1,T0E23C7B1
768,T0E2C1|B0E2C0|B0E0C0,T0E24C4B0
769,T0E2C1|B0E2C0|B0E0C1,T0E24C5B0
770,T0E2C1|B0E2C0|B0E1C0,T0E25C4B0
771,T0E2C1|B0E2C0|B0E1C1,T0E25C5B0
772,T0E2C1|B0E2C0|B0E2C0,T0E26C4B0
773,T0E2C1|B0E2C0|B0E2C1,T0E26C5B0
774,T0E2C1|B0E2C0|B1E0C0,T0E24C4B1
775,T0E2C1|B0E2C0|B1E0C1,T0E24C5B1
776,T0E2C1|B0E2C0|B1E1C0,T0E25C4B1
777,T0E2C1|B0E2C0|B1E1C1,T0E25C5B1
778,T0E2C1|B0E2C0|B1E2C0,T0E26C4B1
779,T0E2C1|B0E2C0|B1E2C1,T0E26C5B1
780,T0E2C1|B0E2C1|B0E0C0,T0E24C6B0
781,T0E2C1|B0E2C1|B0E0C1,T0E24C7B0
782,T0E2C1|B0E2C1|B0E1C0,T0E25C6B0
783,T0E2C1|B0E2C1|B0E1C1,T0E25C7B0
784,T0E2C1|B0E2C1|B0E2C0,T0E26C6B0
785,T0E2C1|B0E2C1|B0E2C1,T0E26C7B0
786,T0E2C1|B0E2C1|B1E0C0,T0E24C6B1
787,T0E2C1|B0E2C1|B1E0C1,T0E24C7B1
788,T0E2C1|B0E2C1|B1E1C0,T0E25C6B1
789,T0E2C1|B0E2C1|B1E1C1,T0E25C7B1
790,T0E2C1|B0E2C1|B1E2C0,T0E26C6B1
791,T0E2C1|B0E2C1|B1E2C1,T0E26C7B1
792,T0E2C1|B1E0C0|B0E0C0,T0E18C4B2
793,T0E2C1|B1E0C0|B0E0C1,T0E18C5B2
794,T0E2C1|B1E0C0|B0E1C0,T0E19C4B2
795,T0E2C1|B1E0C0|B0E1C1,T0E19C5B2
796,T0E2C1|B1E0C0|B0E2C0,T0E20C4B2
797,T0E2C1|B1E0C0|B0E2C1,T0E20C5B2
798,T0E2C1|B1E0C0|B1E0C0,T0E18C4B3
799,T0E2C1|B1E0C0|B1E0C1,T0E18C5B3
800,T0E2C1|B1E0C0|B1E1C0,T0E19C4B3
801,T0E2C1|B1E0C0|B1E1C1,T0E19C5B3
802,T0E2C1|B1E0C0|B1E2C0,T0E20C4B3
803,T0E2C1|B1E0C0|B1E2C1,T0E20C5B3
804,T0E2C1|B1E0C1|B0E0C0,T0E18C6B2
805,T0E2C1|B1E0C1|B0E0C1,T0E18C7B2
806,T0E2C1|B1E0C1|B0E1C0,T0E19C6B2
807,T0E2C1|B1E0C1|B0E1C1,T0E19C7B2
808,T0E2C1|B1E0C1|B0E2C0,T0E20C6B2
809,T0E2C1|B1E0C1|B0E2C1,T0E20C7B2
810,T0E2C1|B1E0C1|B1E0C0,T0E18C6B3
811,T0E2C1|B1E0C1|B1E0C1,T0E18C7B3
812,T0E2C1|B1E0C1|B1E1C0,T0E19C6B3
813,T0E2C1|B1E0C1|B1E1C1,T0E19C7B3
814,T0E2C1|B1E0C1|B1E2C0,T0E20C6B3
815,T0E2C1|B1E0C1|B1E2C1,T0E20C7B3
816,T0E2C1|B1E1C0|B0E0C0,T0E21C4B2
817,T0E2C1|B1E1C0|B0E0C1,T0E21C5B2
818,T0E2C1|B1E1C0|B0E1C0,T0E22C4B2
819,T0E2C1|B1E1C0|B0E1C1,T0E22C5B2
820,T0E2C1|B1E1C0|B0E2C0,T0E23C4B2
821,T0E2C1|B1E1C0|B0E2C1,T0E23C5B2
822,T0E2C1|B1E1C0|B1E0C0,T0E21C4B3
823,T0E2C1|B1E1C0|B1E0C1,T0E21C5B3
824,T0E2C1|B1E1C0|B1E1C0,T0E22C4B3
825,T0E2C1|B1E1C0|B1E1C1,T0E22C5B3
826,T0E2C1|B1E1C0|B1E2C0,T0E23C4B3
827,T0E2C1|B1E1C0|B1E2C1,T0E23C5B3
828,T0E2C1|B1E1C1|B0E0C0,T0E21C6B2
829,T0E2C1|B1E1C1|B0E0C1,T0E21C7B2
830,T0E2C1|B1E1C1|B0E1C0,T0E22C6B2
831,T0E2C1|B1E1C1|B0E1C1,T0E22C7B2
832,T0E2C1|B1E1C1|B0E2C0,T0E23C6B2
833,T0E2C1|B1E1C1|B0E2C1,T0E23C7B2
834,T0E2C1|B1E1C1|B1E0C0,T0E21C6B3
835,T0E2C1|B1E1C1|B1E0C1,T0E21C7B3
836,T0E2C1|B1E1C1|B1E1C0,T0E22C6B3
837,T0E2C1|B1E1C1|B1E1C1,T0E22C7B3
838,T0E2C1|B1E1C1|B1E2C0,T0E23C6B3
839,T0E2C1|B1E1C1|B1E2C1,T0E23C7B3
840,T0E2C1|B1E2C0|B0E0C0,T0E24C4B2
841,T0E2C1|B1E2C0|B0E0C1,T0E24C5B2
842,T0E2C1|B1E2C0|B0E1C0,T0E25C4B2
843,T0E2C1|B1E2C0|B0E1C1,T0E25C5B2
844,T0E2C1|B1E2C0|B0E2C0,T0E26C4B2
845,T0E2C1|B1E2C0|B0E2C1,T0E26C5B2
846,T0E2C1|B1E2C0|B1E0C0,T0E24C4B3
847,T0E2C1|B1E2C0|B1E0C1,T0E24C5B3
848,T0E2C1|B1E2C0|B1E1C0,T0E25C4B3
849,T0E2C1|B1E2C0|B1E1C1,T0E25C5B3
850,T0E2C1|B1E2C0|B1E2C0,T0E26C4B3
851,T0E2C1|B1E2C0|B1E2C1,T0E26C5B3
852,T0E2C1|B1E2C1|B0E0C0,T0E24C6B2
853,T0E2C1|B1E2C1|B0E0C1,T0E24C7B2
854,T0E2C1|B1E2C1|B0E1C0,T0E25C6B2
855,T0E2C1|B1E2C1|B0E1C1,T0E25C7B2
856,T0E2C1|B1E2C1|B0E2C0,T0E26C6B2
857,T0E2C1|B1E2C1|B0E2C1,T0E26C7B2
858,T0E2C1|B1E2C1|B1E0C0,T0E24C6B3
859,T0E2C1|B1E2C1|B1E0C1,T0E24C7B3
860,T0E2C1|B1E2C1|B1E1C0,T0E25C6B3
861,T0E2C1|B1E2C1|B1E1C1,T0E25C7B3
862,T0E2C1|B1E2C1|B1E2C0,T0E26C6B3
863,T0E2C1|B1E2C1|B1E2C1,T0E26C7B3
864,T1E0C0|B0E0C0|B0E0C0,T1E0C0B0
865,T1E0C0|B0E0C0|B0E0C1,T1E0C1B0
866,T1E0C0|B0E0C0|B0E1C0,T1E1C0B0
867,T1E0C0|B0E0C0|B0E1C1,T1E1C1B0
868,T1E0C0|B0E0C0|B0E2C0,T1E2C0B0
869,T1E0C0|B0E0C0|B0E2C1,T1E2C1B0
870,T1E0C0|B0E0C0|B1E0C0,T1E0C0B1
871,T1E0C0|B0E0C0|B1E0C1,T1E0C1B1
872,T1E0C0|B0E0C0|B1E1C0,T1E1C0B1
873,T1E0C0|B0E0C0|B1E1C1,T1E1C1B1
874,T1E0C0|B0E0C0|B1E2C0,T1E2C0B1
875,T1E0C0|B0E0C0|B1E2C1,T1E2C1B1
876,T1E0C0|B0E0C1|B0E0C0,T1E0C2B0
877,T1E0C0|B0E0C1|B0E0C1,T1E0C3B0
878,T1E0C0|B0E0C1|B0E1C0,T1E1C2B0
879,T1E0C0|B0E0C1|B0E1C1,T1E1C3B0
880,T1E0C0|B0E0C1|B0E2C0,T1E2C2B0
881,T1E0C0|B0E0C1|B0E2C1,T1E2C3B0
882,T1E0C0|B0E0C1|B1E0C0,T1E0C2B1
883,T1E0C0|B0E0C1|B1E0C1,T1E0C3B1
884,T1E0C0|B0E0C1|B1E1C0,T1E1C2B1
885,T1E0C0|B0E0C1|B1E1C1,T1E1C3B1
886,T1E0C0|B0E0C1|B1E2C0,T1E2C2B1
887,T1E0C0|B0E0C1|B1E2C1,T1E2C3B1
888,T1E0C0|B0E1C0|B0E0C0,T1E3C0B0
889,T1E0C0|B0E1C0|B0E0C1,T1E3C1B0
890,T1E0C0|B0E1C0|B0E1C0,T1E4C0B0
891,T1E0C0|B0E1C0|B0E1C1,T1E4C1B0
892,T1E0C0|B0E1C0|B0E2C0,T1E5C0B0
893,T1E0C0|B0E1C0|B0E2C1,T1E5C1B0
894,T1E0C0|B0E1C0|B1E0C0,T1E3C0B1
895,T1E0C0|B0E1C0|B1E0C1,T1E3C1B1
896,T1E0C0|B0E1C0|B1E1C0,T1E4C0B1
897,T1E0C0|B0E1C0|B1E1C1,T1E4C1B1
898,T1E0C0|B0E1C0|B1E2C0,T1E5C0B1
899,T1E0C0|B0E1C0|B1E2C1,T1E5C1B1
900,T1E0C0|B0E1C1|B0E0C0,T1E3C2B0
901,T1E0C0|B0E1C1|B0E0C1,T1E3C3B0
902,T1E0C0|B0E1C1|B0E1C0,T1E4C2B0
903,T1E0C0|B0E1C1|B0E1C1,T1E4C3B0
904,T1E0C0|B0E1C1|B0E2C0,T1E5C2B0
905,T1E0C0|B0E1C1|B0E2C1,T1E5C3B0
906,T1E0C0|B0E1C1|B1E0C0,T1E3C2B1
907,T1E0C0|B0E1C1|B1E0C1,T1E3C3B1
908,T1E0C0|B0E1C1|B1E1C0,T1E4C2B1
909,T1E0C0|B0E1C1|B1E1C1,T1E4C3B1
910,T1E0C0|B0E1C1|B1E2C0,T1E5C2B1
911,T1E0C0|B0E1C1|B1E2C1,T1E5C3B1
912,T1E0C0|B0E2C0|B0E0C0,T1E6C0B0
913,T1E0C0|B0E2C0|B0E0C1,T1E6C1B0
914,T1E0C0|B0E2C0|B0E1C0,T1E7C0B0
915,T1E0C0|B0E2C0|B0E1C1,T1E7C1B0
916,T1E0C0|B0E2C0|B0E2C0,T1E8C0B0
917,T1E0C0|B0E2C0|B0E2C1,T1E8C1B0
918,T1E0C0|B0E2C0|B1E0C0,T1E6C0B1
919,T1E0C0|B0E2C0|B1E0C1,T1E6C1B1
920,T1E0C0|B0E2C0|B1E1C0,T1E7C0B1
921,T1E0C0|B0E2C0|B1E1C1,T1E7C1B1
922,T1E0C0|B0E2C0|B1E2C0,T1E8C0B1
923,T1E0C0|B0E2C0|B1E2C1,T1E8C1B1
924,T1E0C0|B0E2C1|B0E0C0,T1E6C2B0
925,T1E0C0|B0E2C1|B0E0C1,T1E6C3B0
926,T1E0C0|B0E2C1|B0E1C0,T1E7C2B0
927,T1E0C0|B0E2C1|B0E1C1,T1E7C3B0
928,T1E0C0|B0E2C1|B0E2C0,T1E8C2B0
929,T1E0C0|B0E2C1|B0E2C1,T1E8C3B0
930,T1E0C0|B0E2C1|B1E0C0,T1E6C2B1
931,T1E0C0|B0E2C1|B1E0C1,T1E6C3B1
932,T1E0C0|B0E2C1|B1E1C0,T1E7C2B1
933,T1E0C0|B0E2C1|B1E1C1,T1E7C3B1
934,T1E0C0|B0E2C1|B1E2C0,T1E8C2B1
935,T1E0C0|B0E2C1|B1E2C1,T1E8C3B1
936,T1E0C0|B1E0C0|B0E0C0,T1E0C0B2
937,T1E0C0|B1E0C0|B0E0C1,T1E0C1B2
938,T1E0C0|B1E0C0|B0E1C0,T1E1C0B2
939,T1E0C0|B1E0C0|B0E1C1,T1E1C1B2
940,T1E0C0|B1E0C0|B0E2C0,T1E2C0B2
941,T1E0C0|B1E0C0|B0E2C1,T1E2C1B2
942,T1E0C0|B1E0C0|B1E0C0,T1E0C0B3
943,T1E0C0|B1E0C0|B1E0C1,T1E0C1B3
944,T1E0C0|B1E0C0|B1E1C0,T1E1C0B3
945,T1E0C0|B1E0C0|B1E1C1,T1E1C1B3
946,T1E0C0|B1E0C0|B1E2C0,T1E2C0B3
947,T1E0C0|B1E0C0|B1E2C1,T1E2C1B3
948,T1E0C0|B1E0C1|B0E0C0,T1E0C2B2
949,T1E0C0|B1E0C1|B0E0C1,T1E0C3B2
950,T1E0C0|B1E0C1|B0E1C0,T1E1C2B2
951,T1E0C0|B1E0C1|B0E1C1,T1E1C3B2
952,T1E0C0|B1E0C1|B0E2C0,T1E2C2B2
953,T1E0C0|B1E0C1|B0E2C1,T1E2C3B2
954,T1E0C0|B1E0C1|B1E0C0,T1E0C2B3
955,T1E0C0|B1E0C1|B1E0C1,T1E0C3B3
956,T1E0C0|B1E0C1|B1E1C0,T1E1C2B3
957,T1E0C0|B1E0C1|B1E1C1,T1E1C3B3
958,T1E0C0|B1E0C1|B1E2C0,T1E2C2B3
959,T1E0C0|B1E0C1|B1E2C1,T1E2C3B3
960,T1E0C0|B1E1C0|B0E0C0,T1E3C0B2
961,T1E0C0|B1E1C0|B0E0C1,T1E3C1B2
962,T1E0C0|B1E1C0|B0E1C0,T1E4C0B2
963,T1E0C0|B1E1C0|B0E1C1,T1E4C1B2
964,T1E0C0|B1E1C0|B0E2C0,T1E5C0B2
965,T1E0C0|B1E1C0|B0E2C1,T1E5C1B2
966,T1E0C0|B1E1C0|B1E0C0,T1E3C0B3
967,T1E0C0|B1E1C0|B1E0C1,T1E3C1B3
968,T1E0C0|B1E1C0|B1E1C0,T1E4C0B3
969,T1E0C0|B1E1C0|B1E1C1,T1E4C1B3
970,T1E0C0|B1E1C0|B1E2C0,T1E5C0B3
971,T1E0C0|B1E1C0|B1E2C1,T1E5C1B3
972,T1E0C0|B1E1C1|B0E0C0,T1E3C2B2
973,T1E0C0|B1E1C1|B0E0C1,T1E3C3B2
974,T1E0C0|B1E1C1|B0E1C0,T1E4C2B2
975,T1E0C0|B1E1C1|B0E1C1,T1E4C3B2
976,T1E0C0|B1E1C1|B0E2C0,T1E5C2B2
977,T1E0C0|B1E1C1|B0E2C1,T1E5C3B2
978,T1E0C0|B1E1C1|B1E0C0,T1E3C2B3
979,T1E0C0|B1E1C1|B1E0C1,T1E3C3B3
980,T1E0C0|B1E1C1|B1E1C0,T1E4C2B3
981,T1E0C0|B1E1C1|B1E1C1,T1E4C3B3
982,T1E0C0|B1E1C1|B1E2C0,T1E5C2B3
983,T1E0C0|B1E1C1|B1E2C1,T1E5C3B3
984,T1E0C0|B1E2C0|B0E0C0,T1E6C0B2
985,T1E0C0|B1E2C0|B0E0C1,T1E6C1B2
986,T1E0C0|B1E2C0|B0E1C0,T1E7C0B2
987,T1E0C0|B1E2C0|B0E1C1,T1E7C1B2
988,T1E0C0|B1E2C0|B0E2C0,T1E8C0B2
989,T1E0C0|B1E2C0|B0E2C1,T1E8C1B2
990,T1E0C0|B1E2C0|B1E0C0,T1E6C0B3
991,T1E0C0|B1E2C0|B1E0C1,T1E6C1B3
992,T1E0C0|B1E2C0|B1E1C0,T1E7C0B3
993,T1E0C0|B1E2C0|B1E1C1,T1E7C1B3
994,T1E0C0|B1E2C0|B1E2C0,T1E8C0B3
995,T1E0C0|B1E2C0|B1E2C1,T1E8C1B3
996,T1E0C0|B1E2C1|B0E0C0,T1E6C2B2
997,T1E0C0|B1E2C1|B0E0C1,T1E6C3B2
998,T1E0C0|B1E2C1|B0E1C0,T1E7C2B2
999,T1E0C0|B1E2C1|B0E1C1,T1E7C3B2
1000,T1E0C0|B1E2C1|B0E2C0,T1E8C2B2
1001,T1E0C0|B1E2C1|B0E2C1,T1E8C3B2
1002,T1E0C0|B1E2C1|B1E0C0,T1E6C2B3
1003,T1E0C0|B1E2C1|B1E0C1,T1E6C3B3
1004,T1E0C0|B1E2C1|B1E1C0,T1E7C2B3
1005,T1E0C0|B1E2C1|B1E1C1,T1E7C3B3
1006,T1E0C0|B1E2C1|B1E2C0,T1E8C2B3
1007,T1E0C0|B1E2C1|B1E2C1,T1E8C3B3
1008,T1E0C1|B0E0C0|B0E0C0,T1E0C4B0
1009,T1E0C1|B0E0C0|B0E0C1,T1E0C5B0
1010,T1E0C1|B0E0C0|B0E1C0,T1E1C4B0
1011,T1E0C1|B0E0C0|B0E1C1,T1E1C5B0
1012,T1E0C1|B0E0C0|B0E2C0,T1E2C4B0
1013,T1E0C1|B0E0C0|B0E2C1,T1E2C5B0
1014,T1E0C1|B0E0C0|B1E0C0,T1E0C4B1
1015,T1E0C1|B0E0C0|B1E0C1,T1E0C5B1
1016,T1E0C1|B0E0C0|B1E1C0,T1E1C4B1
1017,T1E0C1|B0E0C0|B1E1C1,T1E1C5B1
1018,T1E0C1|B0E0C0|B1E2C0,T1E2C4B1
1019,T1E0C1|B0E0C0|B1E2C1,T1E2C5B1
1020,T1E0C1|B0E0C1|B0E0C0,T1E0C6B0
1021,T1E0C1|B0E0C1|B0E0C1,T1E0C7B0
1022,T1E0C1|B0E0C1|B0E1C0,T1E1C6B0
1023,T1E0C1|B0E0C1|B0E1C1,T1E1C7B0
1024,T1E0C1|B0E0C1|B0E2C0,T1E2C6B0
1025,T1E0C1|B0E0C1|B0E2C1,T1E2C7B0
1026,T1E0C1|B0E0C1|B1E0C0,T1E0C6B1
1027,T1E0C1|B0E0C1|B1E0C1,T1E0C7B1
1028,T1E0C1|B0E0C1|B1E1C0,T1E1C6B1
1029,T1E0C1|B0E0C1|B1E1C1,T1E1C7B1
1030,T1E0C1|B0E0C1|B1E2C0,T1E2C6B1
1031,T1E0C1|B0E0C1|B1E2C1,T1E2C7B1
1032,T1E0C1|B0E1C0|B0E0C0,T1E3C4B0
1033,T1E0C1|B0E1C0|B0E0C1,T1E3C5B0
1034,T1E0C1|B0E1C0|B0E1C0,T1E4C4B0
1035,T1E0C1|B0E1C0|B0E1C1,T1E4C5B0
1036,T1E0C1|B0E1C0|B0E2C0,T1E5C4B0
1037,T1E0C1|B0E1C0|B0E2C1,T1E5C5B0
1038,T1E0C1|B0E1C0|B1E0C0,T1E3C4B1
1039,T1E0C1|B0E1C0|B1E0C1,T1E3C5B1
1040,T1E0C1|B0E1C0|B1E1C0,T1E4C4B1
1041,T1E0C1|B0E1C0|B1E1C1,T1E4C5B1
1042,T1E0C1|B0E1C0|B1E2C0,T1E5C4B1
1043,T1E0C1|B0E1C0|B1E2C1,T1E5C5B1
1044,T1E0C1|B0E1C1|B0E0C0,T1E3C6B0
1045,T1E0C1|B0E1C1|B0E0C1,T1E3C7B0
1046,T1E0C1|B0E1C1|B0E1C0,T1E4C6B0
1047,T1E0C1|B0E1C1|B0E1C1,T1E4C7B0
1048,T1E0C1|B0E1C1|B0E2C0,T1E5C6B0
1049,T1E0C1|B0E1C1|B0E2C1,T1E5C7B0
1050,T1E0C1|B0E1C1|B1E0C0,T1E3C6B1
1051,T1E0C1|B0E1C1|B1E0C1,T1E3C7B1
1052,T1E0C1|B0E1C1|B1E1C0,T1E4C6B1
1053,T1E0C1|B0E1C1|B1E1C1,T1E4C7B1
1054,T1E0C1|B0E1C1|B1E2C0,T1E5C6B1
1055,T1E0C1|B0E1C1|B1E2C1,T1E5C7B1
1056,T1E0C1|B0E2C0|B0E0C0,T1E6C4B0
1057,T1E0C1|B0E2C0|B0E0C1,T1E6C5B0
1058,T1E0C1|B0E2C0|B0E1C0,T1E7C4B0
1059,T1E0C1|B0E2C0|B0E1C1,T1E7C5B0
1060,T1E0C1|B0E2C0|B0E2C0,T1E8C4B0
1061,T1E0C1|B0E2C0|B0E2C1,T1E8C5B0
1062,T1E0C1|B0E2C0|B1E0C0,T1E6C4B1
1063,T1E0C1|B0E2C0|B1E0C1,T1E6C5B1
1064,T1E0C1|B0E2C0|B1E1C0,T1E7C4B1
1065,T1E0C1|B0E2C0|B1E1C1,T1E7C5B1
1066,T1E0C1|B0E2C0|B1E2C0,T1E8C4B1
1067,T1E0C1|B0E2C0|B1E2C1,T1E8C5B1
1068,T1E0C1|B0E2C1|B0E0C0,T1E6C6B0
1069,T1E0C1|B0E2C1|B0E0C1,T1E6C7B0
1070,T1E0C1|B0E2C1|B0E1C0,T1E7C6B0
1071,T1E0C1|B0E2C1|B0E1C1,T1E7C7B0
1072,T1E0C1|B0E2C1|B0E2C0,T1E8C6B0
1073,T1E0C1|B0E2C1|B0E2C1,T1E8C7B0
1074,T1E0C1|B0E2C1|B1E0C0,T1E6C6B1
1075,T1E0C1|B0E2C1|B1E0C1,T1E6C7B1
1076,T1E0C1|B0E2C1|B1E1C0,T1E7C6B1
1077,T1E0C1|B0E2C1|B1E1C1,T1E7C7B1
1078,T1E0C1|B0E2C1|B1E2C0,T1E8C6B1
1079,T1E0C1|B0E2C1|B1E2C1,T1E8C7B1
1080,T1E0C1|B1E0C0|B0E0C0,T1E0C4B2
1081,T1E0C1|B1E0C0|B0E0C1,T1E0C5B2
1082,T1E0C1|B1E0C0|B0E1C0,T1E1C4B2
1083,T1E0C1|B1E0C0|B0E1C1,T1E1C5B2
1084,T1E0C1|B1E0C0|B0E2C0,T1E2C4B2
1085,T1E0C1|B1E0C0|B0E2C1,T1E2C5B2
1086,T1E0C1|B1E0C0|B1E0C0,T1E0C4B3
1087,T1E0C1|B1E0C0|B1E0C1,T1E0C5B3
1088,T1E0C1|B1E0C0|B1E1C0,T1E1C4B3
1089,T1E0C1|B1E0C0|B1E1C1,T1E1C5B3
1090,T1E0C1|B1E0C0|B1E2C0,T1E2C4B3
1091,T1E0C1|B1E0C0|B1E2C1,T1E2C5B3
1092,T1E0C1|B1E0C1|B0E0C0,T1E0C6B2
1093,T1E0C1|B1E0C1|B0E0C1,T1E0C7B2
1094,T1E0C1|B1E0C1|B0E1C0,T1E1C6B2
1095,T1E0C1|B1E0C1|B0E1C1,T1E1C7B2
1096,T1E0C1|B1E0C1|B0E2C0,T1E2C6B2
1097,T1E0C1|B1E0C1|B0E2C1,T1E2C7B2
1098,T1E0C1|B1E0C1|B1E0C0,T1E0C6B3
1099,T1E0C1|B1E0C1|B1E0C1,T1E0C7B3
1100,T1E0C1|B1E0C1|B1E1C0,T1E1C6B3
1101,T1E0C1|B1E0C1|B1E1C1,T1E1C7B3
1102,T1E0C1|B1E0C1|B1E2C0,T1E2C6B3
1103,T1E0C1|B1E0C1|B1E2C1,T1E2C7B3
1104,T1E0C1|B1E1C0|B0E0C0,T1E3C4B2
1105,T1E0C1|B1E1C0|B0E0C1,T1E3C5B2
1106,T1E0C1|B1E1C0|B0E1C0,T1E4C4B2
1107,T1E0C1|B1E1C0|B0E1C1,T1E4C5B2
1108,T1E0C1|B1E1C0|B0E2C0,T1E5C4B2
1109,T1E0C1|B1E1C0|B0E2C1,T1E5C5B2
1110,T1E0C1|B1E1C0|B1E0C0,T1E3C4B3
1111,T1E0C1|B1E1C0|B1E0C1,T1E3C5B3
1112,T1E0C1|B1E1C0|B1E1C0,T1E4C4B3
1113,T1E0C1|B1E1C0|B1E1C1,T1E4C5B3
1114,T1E0C1|B1E1C0|B1E2C0,T1E5C4B3
1115,T1E0C1|B1E1C0|B1E2C1,T1E5C5B3
1116,T1E0C1|B1E1C1|B0E0C0,T1E3C6B2
1117,T1E0C1|B1E1C1|B0E0C1,T1E3C7B2
1118,T1E0C1|B1E1C1|B0E1C0,T1E4C6B2
1119,T1E0C1|B1E1C1|B0E1C1,T1E4C7B2
1120,T1E0C1|B1E1C1|B0E2C0,T1E5C6B2
1121,T1E0C1|B1E1C1|B0E2C1,T1E5C7B2
1122,T1E0C1|B1E1C1|B1E0C0,T1E3C6B3
1123,T1E0C1|B1E1C1|B1E0C1,T1E3C7B3
1124,T1E0C1|B1E1C1|B1E1C0,T1E4C6B3
1125,T1E0C1|B1E1C1|B1E1C1,T1E4C7B3
1126,T1E0C1|B1E1C1|B1E2C0,T1E5C6B3
1127,T1E0C1|B1E1C1|B1E2C1,T1E5C7B3
1128,T1E0C1|B1E2C0|B0E0C0,T1E6C4B2
1129,T1E0C1|B1E2C0|B0E0C1,T1E6C5B2
1130,T1E0C1|B1E2C0|B0E1C0,T1E7C4B2
1131,T1E0C1|B1E2C0|B0E1C1,T1E7C5B2
1132,T1E0C1|B1E2C0|B0E2C0,T1E8C4B2
1133,T1E0C1|B1E2C0|B0E2C1,T1E8C5B2
1134,T1E0C1|B1E2C0|B1E0C0,T1E6C4B3
1135,T1E0C1|B1E2C0|B1E0C1,T1E6C5B3
1136,T1E0C1|B1E2C0|B1E1C0,T1E7C4B3
1137,T1E0C1|B1E2C0|B1E1C1,T1E7C5B3
1138,T1E0C1|B1E2C0|B1E2C0,T1E8C4B3
1139,T1E0C1|B1E2C0|B1E2C1,T1E8C5B3
1140,T1E0C1|B1E2C1|B0E0C0,T1E6C6B2
1141,T1E0C1|B1E2C1|B0E0C1,T1E6C7B2
1142,T1E0C1|B1E2C1|B0E1C0,T1E7C6B2
1143,T1E0C1|B1E2C1|B0E1C1,T1E7C7B2
1144,T1E0C1|B1E2C1|B0E2C0,T1E8C6B2
1145,T1E0C1|B1E2C1|B0E2C1,T1E8C7B2
1146,T1E0C1|B1E2C1|B1E0C0,T1E6C6B3
1147,T1E0C1|B1E2C1|B1E0C1,T1E6C7B3
1148,T1E0C1|B1E2C1|B1E1C0,T1E7C6B3
1149,T1E0C1|B1E2C1|B1E1C1,T1E7C7B3
1150,T1E0C1|B1E2C1|B1E2C0,T1E8C6B3
1151,T1E0C1|B1E2C1|B1E2C1,T1E8C7B3
1152,T1E1C0|B0E0C0|B0E0C0,T1E9C0B0
1153,T1E1C0|B0E0C0|B0E0C1,T1E9C1B0
1154,T1E1C0|B0E0C0|B0E1C0,T1E10C0B0
1155,T1E1C0|B0E0C0|B0E1C1,T1E10C1B0
1156,T1E1C0|B0E0C0|B0E2C0,T1E11C0B0
1157,T1E1C0|B0E0C0|B0E2C1,T1E11C1B0
1158,T1E1C0|B0E0C0|B1E0C0,T1E9C0B1
1159,T1E1C0|B0E0C0|B1E0C1,T1E9C1B1
1160,T1E1C0|B0E0C0|B1E1C0,T1E10C0B1
1161,T1E1C0|B0E0C0|B1E1C1,T1E10C1B1
1162,T1E1C0|B0E0C0|B1E2C0,T1E11C0B1
1163,T1E1C0|B0E0C0|B1E2C1,T1E11C1B1
1164,T1E1C0|B0E0C1|B0E0C0,T1E9C2B0
1165,T1E1C0|B0E0C1|B0E0C1,T1E9C3B0
1166,T1E1C0|B0E0C1|B0E1C0,T1E10C2B0
1167,T1E1C0|B0E0C1|B0E1C1,T1E10C3B0
1168,T1E1C0|B0E0C1|B0E2C0,T1E11C2B0
1169,T1E1C0|B0E0C1|B0E2C1,T1E11C3B0
1170,T1E1C0|B0E0C1|B1E0C0,T1E9C2B1
1171,T1E1C0|B0E0C1|B1E0C1,T1E9C3B1
1172,T1E1C0|B0E0C1|B1E1C0,T1E10C2B1
1173,T1E1C0|B0E0C1|B1E1C1,T1E10C3B1
1174,T1E1C0|B0E0C1|B1E2C0,T1E11C2B1
1175,T1E1C0|B0E0C1|B1E2C1,T1E11C3B1
1176,T1E1C0|B0E1C0|B0E0C0,T1E12C0B0
1177,T1E1C0|B0E1C0|B0E0C1,T1E12C1B0
1178,T1E1C0|B0E1C0|B0E1C0,T1E13C0B0
1179,T1E1C0|B0E1C0|B0E1C1,T1E13C1B0
1180,T1E1C0|B0E1C0|B0E2C0,T1E14C0B0
1181,T1E1C0|B0E1C0|B0E2C1,T1E14C1B0
1182,T1E1C0|B0E1C0|B1E0C0,T1E12C0B1
1183,T1E1C0|B0E1C0|B1E0C1,T1E12C1B1
1184,T1E1C0|B0E1C0|B1E1C0,T1E13C0B1
1185,T1E1C0|B0E1C0|B1E1C1,T1E13C1B1
1186,T1E1C0|B0E1C0|B1E2C0,T1E14C0B1
1187,T1E1C0|B0E1C0|B1E2C1,T1E14C1B1
1188,T1E1C0|B0E1C1|B0E0C0,T1E12C2B0
1189,T1E1C0|B0E1C1|B0E0C1,T1E12C3B0
1190,T1E1C0|B0E1C1|B0E1C0,T1E13C2B0
1191,T1E1C0|B0E1C1|B0E1C1,T1E13C3B0
1192,T1E1C0|B0E1C1|B0E2C0,T1E14C2B0
1193,T1E1C0|B0E1C1|B0E2C1,T1E14C3B0
1194,T1E1C0|B0E1C1|B1E0C0,T1E12C2B1
1195,T1E1C0|B0E1C1|B1E0C1,T1E12C3B1
1196,T1E1C0|B0E1C1|B1E1C0,T1E13C2B1
1197,T1E1C0|B0E1C1|B1E1C1,T1E13C3B1
1198,T1E1C0|B0E1C1|B1E2C0,T1E14C2B1
1199,T1E1C0|B0E1C1|B1E2C1,T1E14C3B1
1200,T1E1C0|B0E2C0|B0E0C0,T1E15C0B0
1201,T1E1C0|B0E2C0|B0E0C1,T1E15C1B0
1202,T1E1C0|B0E2C0|B0E1C0,T1E16C0B0
1203,T1E1C0|B0E2C0|B0E1C1,T1E16C1B0
1204,T1E1C0|B0E2C0|B0E2C0,T1E17C0B0
1205,T1E1C0|B0E2C0|B0E2C1,T1E17C1B0
1206,T1E1C0|B0E2C0|B1E0C0,T1E15C0B1
1207,T1E1C0|B0E2C0|B1E0C1,T1E15C1B1
1208,T1E1C0|B0E2C0|B1E1C0,T1E16C0B1
1209,T1E1C0|B0E2C0|B1E1C1,T1E16C1B1
1210,T1E1C0|B0E2C0|B1E2C0,T1E17C0B1
1211,T1E1C0|B0E2C0|B1E2C1,T1E17C1B1
1212,T1E1C0|B0E2C1|B0E0C0,T1E15C2B0
1213,T1E1C0|B0E2C1|B0E0C1,T1E15C3B0
1214,T1E1C0|B0E2C1|B0E1C0,T1E16C2B0
1215,T1E1C0|B0E2C1|B0E1C1,T1E16C3B0
1216,T1E1C0|B0E2C1|B0E2C0,T1E17C2B0
1217,T1E1C0|B0E2C1|B0E2C1,T1E17C3B0
1218,T1E1C0|B0E2C1|B1E0C0,T1E15C2B1
1219,T1E1C0|B0E2C1|B1E0C1,T1E15C3B1
1220,T1E1C0|B0E2C1|B1E1C0,T1E16C2B1
1221,T1E1C0|B0E2C1|B1E1C1,T1E16C3B1
1222,T1E1C0|B0E2C1|B1E2C0,T1E17C2B1
1223,T1E1C0|B0E2C1|B1E2C1,T1E17C3B1
1224,T1E1C0|B1E0C0|B0E0C0,T1E9C0B2
1225,T1E1C0|B1E0C0|B0E0C1,T1E9C1B2
1226,T1E1C0|B1E0C0|B0E1C0,T1E10C0B2
1227,T1E1C0|B1E0C0|B0E1C1,T1E10C1B2
1228,T1E1C0|B1E0C0|B0E2C0,T1E11C0B2
1229,T1E1C0|B1E0C0|B0E2C1,T1E11C1B2
1230,T1E1C0|B1E0C0|B1E0C0,T1E9C0B3
1231,T1E1C0|B1E0C0|B1E0C1,T1E9C1B3
1232,T1E1C0|B1E0C0|B1E1C0,T1E10C0B3
1233,T1E1C0|B1E0C0|B1E1C1,T1E10C1B3
1234,T1E1C0|B1E0C0|B1E2C0,T1E11C0B3
1235,T1E1C0|B1E0C0|B1E2C1,T1E11C1B3
1236,T1E1C0|B1E0C1|B0E0C0,T1E9C2B2
1237,T1E1C0|B1E0C1|B0E0C1,T1E9C3B2
1238,T1E1C0|B1E0C1|B0E1C0,T1E10C2B2
1239,T1E1C0|B1E0C1|B0E1C1,T1E10C3B2
1240,T1E1C0|B1E0C1|B0E2C0,T1E11C2B2
1241,T1E1C0|B1E0C1|B0E2C1,T1E11C3B2
1242,T1E1C0|B1E0C1|B1E0C0,T1E9C2B3
1243,T1E1C0|B1E0C1|B1E0C1,T1E9C3B3
1244,T1E1C0|B1E0C1|B1E1C0,T1E10C2B3
1245,T1E1C0|B1E0C1|B1E1C1,T1E10C3B3
1246,T1E1C0|B1E0C1|B1E2C0,T1E11C2B3
1247,T1E1C0|B1E0C1|B1E2C1,T1E11C3B3
1248,T1E1C0|B1E1C0|B0E0C0,T1E12C0B2
1249,T1E1C0|B1E1C0|B0E0C1,T1E12C1B2
1250,T1E1C0|B1E1C0|B0E1C0,T1E13C0B2
1251,T1E1C0|B1E1C0|B0E1C1,T1E13C1B2
1252,T1E1C0|B1E1C0|B0E2C0,T1E14C0B2
1253,T1E1C0|B1E1C0|B0E2C1,T1E14C1B2
1254,T1E1C0|B1E1C0|B1E0C0,T1E12C0B3
1255,T1E1C0|B1E1C0|B1E0C1,T1E12C1B3
1256,T1E1C0|B1E1C0|B1E1C0,T1E13C0B3
1257,T1E1C0|B1E1C0|B1E1C1,T1E13C1B3
1258,T1E1C0|B1E1C0|B1E2C0,T1E14C0B3
1259,T1E1C0|B1E1C0|B1E2C1,T1E14C1B3
1260,T1E1C0|B1E1C1|B0E0C0,T1E12C2B2
1261,T1E1C0|B1E1C1|B0E0C1,T1E12C3B2
1262,T1E1C0|B1E1C1|B0E1C0,T1E13C2B2
1263,T1E1C0|B1E1C1|B0E1C1,T1E13C3B2
1264,T1E1C0|B1E1C1|B0E2C0,T1E14C2B2
1265,T1E1C0|B1E1C1|B0E2C1,T1E14C3B2
1266,T1E1C0|B1E1C1|B1E0C0,T1E12C2B3
1267,T1E1C0|B1E1C1|B1E0C1,T1E12C3B3
1268,T1E1C0|B1E1C1|B1E1C0,T1E13C2B3
1269,T1E1C0|B1E1C1|B1E1C1,T1E13C3B3
1270,T1E1C0|B1E1C1|B1E2C0,T1E14C2B3
1271,T1E1C0|B1E1C1|B1E2C1,T1E14C3B3
1272,T1E1C0|B1E2C0|B0E0C0,T1E15C0B2
1273,T1E1C0|B1E2C0|B0E0C1,T1E15C1B2
1274,T1E1C0|B1E2C0|B0E1C0,T1E16C0B2
1275,T1E1C0|B1E2C0|B0E1C1,T1E16C1B2
1276,T1E1C0|B1E2C0|B0E2C0,T1E17C0B2
1277,T1E1C0|B1E2C0|B0E2C1,T1E17C1B2
1278,T1E1C0|B1E2C0|B1E0C0,T1E15C0B3
1279,T1E1C0|B1E2C0|B1E0C1,T1E15C1B3
1280,T1E1C0|B1E2C0|B1E1C0,T1E16C0B3
1281,T1E1C0|B1E2C0|B1E1C1,T1E16C1B3
1282,T1E1C0|B1E2C0|B1E2C0,T1E17C0B3
1283,T1E1C0|B1E2C0|B1E2C1,T1E17C1B3
1284,T1E1C0|B1E2C1|B0E0C0,T1E15C2B2
1285,T1E1C0|B1E2C1|B0E0C1,T1E15C3B2
1286,T1E1C0|B1E2C1|B0E1C0,T1E16C2B2
1287,T1E1C0|B1E2C1|B0E1C1,T1E16C3B2
1288,T1E1C0|B1E2C1|B0E2C0,T1E17C2B2
1289,T1E1C0|B1E2C1|B0E2C1,T1E17C3B2
1290,T1E1C0|B1E2C1|B1E0C0,T1E15C2B3
1291,T1E1C0|B1E2C1|B1E0C1,T1E15C3B3
1292,T1E1C0|B1E2C1|B1E1C0,T1E16C2B3
1293,T1E1C0|B1E2C1|B1E1C1,T1E16C3B3
1294,T1E1C0|B1E2C1|B1E2C0,T1E17C2B3
1295,T1E1C0|B1E2C1|B1E2C1,T1E17C3B3
1296,T1E1C1|B0E0C0|B0E0C0,T1E9C4B0
1297,T1E1C1|B0E0C0|B0E0C1,T1E9C5B0
1298,T1E1C1|B0E0C0|B0E1C0,T1E10C4B0
1299,T1E1C1|B0E0C0|B0E1C1,T1E10C5B0
1300,T1E1C1|B0E0C0|B0E2C0,T1E11C4B0
1301,T1E1C1|B0E0C0|B0E2C1,T1E11C5B0
1302,T1E1C1|B0E0C0|B1E0C0,T1E9C4B1
1303,T1E1C1|B0E0C0|B1E0C1,T1E9C5B1
1304,T1E1C1|B0E0C0|B1E1C0,T1E10C4B1
1305,T1E1C1|B0E0C0|B1E1C1,T1E10C5B1
1306,T1E1C1|B0E0C0|B1E2C0,T1E11C4B1
1307,T1E1C1|B0E0C0|B1E2C1,T1E11C5B1
1308,T1E1C1|B0E0C1|B0E0C0,T1E9C6B0
1309,T1E1C1|B0E0C1|B0E0C1,T1E9C7B0
1310,T1E1C1|B0E0C1|B0E1C0,T1E10C6B0
1311,T1E1C1|B0E0C1|B0E1C1,T1E10C7B0
1312,T1E1C1|B0E0C1|B0E2C0,T1E11C6B0
1313,T1E1C1|B0E0C1|B0E2C1,T1E11C7B0
1314,T1E1C1|B0E0C1|B1E0C0,T1E9C6B1
1315,T1E1C1|B0E0C1|B1E0C1,T1E9C7B1
1316,T1E1C1|B0E0C1|B1E1C0,T1E10C6B1
1317,T1E1C1|B0E0C1|B1E1C1,T1E10C7B1
1318,T1E1C1|B0E0C1|B1E2C0,T1E11C6B1
1319,T1E1C1|B0E0C1|B1E2C1,T1E11C7B1
1320,T1E1C1|B0E1C0|B0E0C0,T1E12C4B0
1321,T1E1C1|B0E1C0|B0E0C1,T1E12C5B0
1322,T1E1C1|B0E1C0|B0E1C0,T1E13C4B0
1323,T1E1C1|B0E1C0|B0E1C1,T1E13C5B0
1324,T1E1C1|B0E1C0|B0E2C0,T1E14C4B0
1325,T1E1C1|B0E1C0|B0E2C1,T1E14C5B0
1326,T1E1C1|B0E1C0|B1E0C0,T1E12C4B1
1327,T1E1C1|B0E1C0|B1E0C1,T1E12C5B1
1328,T1E1C1|B0E1C0|B1E1C0,T1E13C4B1
1329,T1E1C1|B0E1C0|B1E1C1,T1E13C5B1
1330,T1E1C1|B0E1C0|B1E2C0,T1E14C4B1
1331,T1E1C1|B0E1C0|B1E2C1,T1E14C5B1
1332,T1E1C1|B0E1C1|B0E0C0,T1E12C6B0
1333,T1E1C1|B0E1C1|B0E0C1,T1E12C7B0
1334,T1E1C1|B0E1C1|B0E1C0,T1E13C6B0
1335,T1E1C1|B0E1C1|B0E1C1,T1E13C7B0
1336,T1E1C1|B0E1C1|B0E2C0,T1E14C6B0
1337,T1E1C1|B0E1C1|B0E2C1,T1E14C7B0
1338,T1E1C1|B0E1C1|B1E0C0,T1E12C6B1
1339,T1E1C1|B0E1C1|B1E0C1,T1E12C7B1
1340,T1E1C1|B0E1C1|B1E1C0,T1E13C6B1
1341,T1E1C1|B0E1C1|B1E1C1,T1E13C7B1
1342,T1E1C1|B0E1C1|B1E2C0,T1E14C6B1
1343,T1E1C1|B0E1C1|B1E2C1,T1E14C7B1
1344,T1E1C1|B0E2C0|B0E0C0,T1E15C4B0
1345,T1E1C1|B0E2C0|B0E0C1,T1E15C5B0
1346,T1E1C1|B0E2C0|B0E1C0,T1E16C4B0
1347,T1E1C1|B0E2C0|B0E1C1,T1E16C5B0
1348,T1E1C1|B0E2C0|B0E2C0,T1E17C4B0
1349,T1E1C1|B0E2C0|B0E2C1,T1E17C5B0
1350,T1E1C1|B0E2C0|B1E0C0,T1E15C4B1
1351,T1E1C1|B0E2C0|B1E0C1,T1E15C5B1
1352,T1E1C1|B0E2C0|B1E1C0,T1E16C4B1
1353,T1E1C1|B0E2C0|B1E1C1,T1E16C5B1
1354,T1E1C1|B0E2C0|B1E2C0,T1E17C4B1
1355,T1E1C1|B0E2C0|B1E2C1,T1E17C5B1
1356,T1E1C1|B0E2C1|B0E0C0,T1E15C6B0
1357,T1E1C1|B0E2C1|B0E0C1,T1E15C7B0
1358,T1E1C1|B0E2C1|B0E1C0,T1E16C6B0
1359,T1E1C1|B0E2C1|B0E1C1,T1E16C7B0
1360,T1E1C1|B0E2C1|B0E2C0,T1E17C6B0
1361,T1E1C1|B0E2C1|B0E2C1,T1E17C7B0
1362,T1E1C1|B0E2C1|B1E0C0,T1E15C6B1
1363,T1E1C1|B0E2C1|B1E0C1,T1E15C7B1
1364,T1E1C1|B0E2C1|B1E1C0,T1E16C6B1
1365,T1E1C1|B0E2C1|B1E1C1,T1E16C7B1
1366,T1E1C1|B0E2C1|B1E2C0,T1E17C6B1
1367,T1E1C1|B0E2C1|B1E2C1,T1E17C7B1
1368,T1E1C1|B1E0C0|B0E0C0,T1E9C4B2
1369,T1E1C1|B1E0C0|B0E0C1,T1E9C5B2
1370,T1E1C1|B1E0C0|B0E1C0,T1E10C4B2
1371,T1E1C1|B1E0C0|B0E1C1,T1E10C5B2
1372,T1E1C1|B1E0C0|B0E2C0,T1E11C4B2
1373,T1E1C1|B1E0C0|B0E2C1,T1E11C5B2
1374,T1E1C1|B1E0C0|B1E0C0,T1E9C4B3
1375,T1E1C1|B1E0C0|B1E0C1,T1E9C5B3
1376,T1E1C1|B1E0C0|B1E1C0,T1E10C4B3
1377,T1E1C1|B1E0C0|B1E1C1,T1E10C5B3
1378,T1E1C1|B1E0C0|B1E2C0,T1E11C4B3
1379,T1E1C1|B1E0C0|B1E2C1,T1E11C5B3
1380,T1E1C1|B1E0C1|B0E0C0,T1E9C6B2
1381,T1E1C1|B1E0C1|B0E0C1,T1E9C7B2
1382,T1E1C1|B1E0C1|B0E1C0,T1E10C6B2
1383,T1E1C1|B1E0C1|B0E1C1,T1E10C7B2
1384,T1E1C1|B1E0C1|B0E2C0,T1E11C6B2
1385,T1E1C1|B1E0C1|B0E2C1,T1E11C7B2
1386,T1E1C1|B1E0C1|B1E0C0,T1E9C6B3
1387,T1E1C1|B1E0C1|B1E0C1,T1E9C7B3
1388,T1E1C1|B1E0C1|B1E1C0,T1E10C6B3
1389,T1E1C1|B1E0C1|B1E1C1,T1E10C7B3
1390,T1E1C1|B1E0C1|B1E2C0,T1E11C6B3
1391,T1E1C1|B1E0C1|B1E2C1,T1E11C7B3
1392,T1E1C1|B1E1C0|B0E0C0,T1E12C4B2
1393,T1E1C1|B1E1C0|B0E0C1,T1E12C5B2
1394,T1E1C1|B1E1C0|B0E1C0,T1E13C4B2
1395,T1E1C1|B1E1C0|B0E1C1,T1E13C5B2
1396,T1E1C1|B1E1C0|B0E2C0,T1E14C4B2
1397,T1E1C1|B1E1C0|B0E2C1,T1E14C5B2
1398,T1E1C1|B1E1C0|B1E0C0,T1E12C4B3
1399,T1E1C1|B1E1C0|B1E0C1,T1E12C5B3
1400,T1E1C1|B1E1C0|B1E1C0,T1E13C4B3
1401,T1E1C1|B1E1C0|B1E1C1,T1E13C5B3
1402,T1E1C1|B1E1C0|B1E2C0,T1E14C4B3
1403,T1E1C1|B1E1C0|B1E2C1,T1E14C5B3
1404,T1E1C1|B1E1C1|B0E0C0,T1E12C6B2
1405,T1E1C1|B1E1C1|B0E0C1,T1E12C7B2
1406,T1E1C1|B1E1C1|B0E1C0,T1E13C6B2
1407,T1E1C1|B1E1C1|B0E1C1,T1E13C7B2
1408,T1E1C1|B1E1C1|B0E2C0,T1E14C6B2
1409,T1E1C1|B1E1C1|B0E2C1,T1E14C7B2
1410,T1E1C1|B1E1C1|B1E0C0,T1E12C6B3
1411,T1E1C1|B1E1C1|B1E0C1,T1E12C7B3
1412,T1E1C1|B1E1C1|B1E1C0,T1E13C6B3
1413,T1E1C1|B1E1C1|B1E1C1,T1E13C7B3
1414,T1E1C1|B1E1C1|B1E2C0,T1E14C6B3
1415,T1E1C1|B1E1C1|B1E2C1,T1E14C7B3
1416,T1E1C1|B1E2C0|B0E0C0,T1E15C4B2
1417,T1E1C1|B1E2C0|B0E0C1,T1E15C5B2
1418,T1E1C1|B1E2C0|B0E1C0,T1E16C4B2
1419,T1E1C1|B1E2C0|B0E1C1,T1E16C5B2
1420,T1E1C1|B1E2C0|B0E2C0,T1E17C4B2
1421,T1E1C1|B1E2C0|B0E2C1,T1E17C5B2
1422,T1E1C1|B1E2C0|B1E0C0,T1E15C4B3
1423,T1E1C1|B1E2C0|B1E0C1,T1E15C5B3
1424,T1E1C1|B1E2C0|B1E1C0,T1E16C4B3
1425,T1E1C1|B1E2C0|B1E1C1,T1E16C5B3
1426,T1E1C1|B1E2C0|B1E2C0,T1E17C4B3
1427,T1E1C1|B1E2C0|B1E2C1,T1E17C5B3
1428,T1E1C1|B1E2C1|B0E0C0,T1E15C6B2
1429,T1E1C1|B1E2C1|B0E0C1,T1E15C7B2
1430,T1E1C1|B1E2C1|B0E1C0,T1E16C6B2
1431,T1E1C1|B1E2C1|B0E1C1,T1E16C7B2
1432,T1E1C1|B1E2C1|B0E2C0,T1E17C6B2
1433,T1E1C1|B1E2C1|B0E2C1,T1E17C7B2
1434,T1E1C1|B1E2C1|B1E0C0,T1E15C6B3
1435,T1E1C1|B1E2C1|B1E0C1,T1E15C7B3
1436,T1E1C1|B1E2C1|B1E1C0,T1E16C6B3
1437,T1E1C1|B1E2C1|B1E1C1,T1E16C7B3
1438,T1E1C1|B1E2C1|B1E2C0,T1E17C6B3
1439,T1E1C1|B1E2C1|B1E2C1,T1E17C7B3
1440,T1E2C0|B0E0C0|B0E0C0,T1E18C0B0
1441,T1E2C0|B0E0C0|B0E0C1,T1E18C1B0
1442,T1E2C0|B0E0C0|B0E1C0,T1E19C0B0
1443,T1E2C0|B0E0C0|B0E1C1,T1E19C1B0
1444,T1E2C0|B0E0C0|B0E2C0,T1E20C0B0
1445,T1E2C0|B0E0C0|B0E2C1,T1E20C1B0
1446,T1E2C0|B0E0C0|B1E0C0,T1E18C0B1
1447,T1E2C0|B0E0C0|B1E0C1,T1E18C1B1
1448,T1E2C0|B0E0C0|B1E1C0,T1E19C0B1
1449,T1E2C0|B0E0C0|B1E1C1,T1E19C1B1
1450,T1E2C0|B0E0C0|B1E2C0,T1E20C0B1
1451,T1E2C0|B0E0C0|B1E2C1,T1E20C1B1
1452,T1E2C0|B0E0C1|B0E0C0,T1E18C2B0
1453,T1E2C0|B0E0C1|B0E0C1,T1E18C3B0
1454,T1E2C0|B0E0C1|B0E1C0,T1E19C2B0
1455,T1E2C0|B0E0C1|B0E1C1,T1E19C3B0
1456,T1E2C0|B0E0C1|B0E2C0,T1E20C2B0
1457,T1E2C0|B0E0C1|B0E2C1,T1E20C3B0
1458,T1E2C0|B0E0C1|B1E0C0,T1E18C2B1
1459,T1E2C0|B0E0C1|B1E0C1,T1E18C3B1
1460,T1E2C0|B0E0C1|B1E1C0,T1E19C2B1
1461,T1E2C0|B0E0C1|B1E1C1,T1E19C3B1
1462,T1E2C0|B0E0C1|B1E2C0,T1E20C2B1
1463,T1E2C0|B0E0C1|B1E2C1,T1E20C3B1
1464,T1E2C0|B0E1C0|B0E0C0,T1E21C0B0
1465,T1E2C0|B0E1C0|B0E0C1,T1E21C1B0
1466,T1E2C0|B0E1C0|B0E1C0,T1E22C0B0
1467,T1E2C0|B0E1C0|B0E1C1,T1E22C1B0
1468,T1E2C0|B0E1C0|B0E2C0,T1E23C0B0
1469,T1E2C0|B0E1C0|B0E2C1,T1E23C1B0
1470,T1E2C0|B0E1C0|B1E0C0,T1E21C0B1
1471,T1E2C0|B0E1C0|B1E0C1,T1E21C1B1
1472,T1E2C0|B0E1C0|B1E1C0,T1E22C0B1
1473,T1E2C0|B0E1C0|B1E1C1,T1E22C1B1
1474,T1E2C0|B0E1C0|B1E2C0,T1E23C0B1
1475,T1E2C0|B0E1C0|B1E2C1,T1E23C1B1
1476,T1E2C0|B0E1C1|B0E0C0,T1E21C2B0
1477,T1E2C0|B0E1C1|B0E0C1,T1E21C3B0
1478,T1E2C0|B0E1C1|B0E1C0,T1E22C2B0
1479,T1E2C0|B0E1C1|B0E1C1,T1E22C3B0
1480,T1E2C0|B0E1C1|B0E2C0,T1E23C2B0
1481,T1E2C0|B0E1C1|B0E2C1,T1E23C3B0
1482,T1E2C0|B0E1C1|B1E0C0,T1E21C2B1
1483,T1E2C0|B0E1C1|B1E0C1,T1E21C3B1
1484,T1E2C0|B0E1C1|B1E1C0,T1E22C2B1
1485,T1E2C0|B0E1C1|B1E1C1,T1E22C3B1
1486,T1E2C0|B0E1C1|B1E2C0,T1E23C2B1
1487,T1E2C0|B0E1C1|B1E2C1,T1E23C3B1
1488,T1E2C0|B0E2C0|B0E0C0,T1E24C0B0
1489,T1E2C0|B0E2C0|B0E0C1,T1E24C1B0
1490,T1E2C0|B0E2C0|B0E1C0,T1E25C0B0
1491,T1E2C0|B0E2C0|B0E1C1,T1E25C1B0
1492,T1E2C0|B0E2C0|B0E2C0,T1E26C0B0
1493,T1E2C0|B0E2C0|B0E2C1,T1E26C1B0
1494,T1E2C0|B0E2C0|B1E0C0,T1E24C0B1
1495,T1E2C0|B0E2C0|B1E0C1,T1E24C1B1
1496,T1E2C0|B0E2C0|B1E1C0,T1E25C0B1
1497,T1E2C0|B0E2C0|B1E1C1,T1E25C1B1
1498,T1E2C0|B0E2C0|B1E2C0,T1E26C0B1
1499,T1E2C0|B0E2C0|B1E2C1,T1E26C1B1
1500,T1E2C0|B0E2C1|B0E0C0,T1E24C2B0
1501,T1E2C0|B0E2C1|B0E0C1,T1E24C3B0
1502,T1E2C0|B0E2C1|B0E1C0,T1E25C2B0
1503,T1E2C0|B0E2C1|B0E1C1,T1E25C3B0
1504,T1E2C0|B0E2C1|B0E2C0,T1E26C2B0
1505,T1E2C0|B0E2C1|B0E2C1,T1E26C3B0
1506,T1E2C0|B0E2C1|B1E0C0,T1E24C2B1
1507,T1E2C0|B0E2C1|B1E0C1,T1E24C3B1
1508,T1E2C0|B0E2C1|B1E1C0,T1E25C2B1
1509,T1E2C0|B0E2C1|B1E1C1,T1E25C3B1
1510,T1E2C0|B0E2C1|B1E2C0,T1E26C2B1
1511,T1E2C0|B0E2C1|B1E2C1,T1E26C3B1
1512,T1E2C0|B1E0C0|B0E0C0,T1E18C0B2
1513,T1E2C0|B1E0C0|B0E0C1,T1E18C1B2
1514,T1E2C0|B1E0C0|B0E1C0,T1E19C0B2
1515,T1E2C0|B1E0C0|B0E1C1,T1E19C1B2
1516,T1E2C0|B1E0C0|B0E2C0,T1E20C0B2
1517,T1E2C0|B1E0C0|B0E2C1,T1E20C1B2
1518,T1E2C0|B1E0C0|B1E0C0,T1E18C0B3
1519,T1E2C0|B1E0C0|B1E0C1,T1E18C1B3
1520,T1E2C0|B1E0C0|B1E1C0,T1E19C0B3
1521,T1E2C0|B1E0C0|B1E1C1,T1E19C1B3
1522,T1E2C0|B1E0C0|B1E2C0,T1E20C0B3
1523,T1E2C0|B1E0C0|B1E2C1,T1E20C1B3
1524,T1E2C0|B1E0C1|B0E0C0,T1E18C2B2
1525,T1E2C0|B1E0C1|B0E0C1,T1E18C3B2
1526,T1E2C0|B1E0C1|B0E1C0,T1E19C2B2
1527,T1E2C0|B1E0C1|B0E1C1,T1E19C3B2
1528,T1E2C0|B1E0C1|B0E2C0,T1E20C2B2
1529,T1E2C0|B1E0C1|B0E2C1,T1E20C3B2
1530,T1E2C0|B1E0C1|B1E0C0,T1E18C2B3
1531,T1E2C0|B1E0C1|B1E0C1,T1E18C3B3
1532,T1E2C0|B1E0C1|B1E1C0,T1E19C2B3
1533,T1E2C0|B1E0C1|B1E1C1,T1E19C3B3
1534,T1E2C0|B1E0C1|B1E2C0,T1E20C2B3
1535,T1E2C0|B1E0C1|B1E2C1,T1E20C3B3
1536,T1E2C0|B1E1C0|B0E0C0,T1E21C0B2
1537,T1E2C0|B1E1C0|B0E0C1,T1E21C1B2
1538,T1E2C0|B1E1C0|B0E1C0,T1E22C0B2
1539,T1E2C0|B1E1C0|B0E1C1,T1E22C1B2
1540,T1E2C0|B1E1C0|B0E2C0,T1E23C0B2
1541,T1E2C0|B1E1C0|B0E2C1,T1E23C1B2
1542,T1E2C0|B1E1C0|B1E0C0,T1E21C0B3
1543,T1E2C0|B1E1C0|B1E0C1,T1E21C1B3
1544,T1E2C0|B1E1C0|B1E1C0,T1E22C0B3
1545,T1E2C0|B1E1C0|B1E1C1,T1E22C1B3
1546,T1E2C0|B1E1C0|B1E2C0,T1E23C0B3
1547,T1E2C0|B1E1C0|B1E2C1,T1E23C1B3
1548,T1E2C0|B1E1C1|B0E0C0,T1E21C2B2
1549,T1E2C0|B1E1C1|B0E0C1,T1E21C3B2
1550,T1E2C0|B1E1C1|B0E1C0,T1E22C2B2
1551,T1E2C0|B1E1C1|B0E1C1,T1E22C3B2
1552,T1E2C0|B1E1C1|B0E2C0,T1E23C2B2
1553,T1E2C0|B1E1C1|B0E2C1,T1E23C3B2
1554,T1E2C0|B1E1C1|B1E0C0,T1E21C2B3
1555,T1E2C0|B1E1C1|B1E0C1,T1E21C3B3
1556,T1E2C0|B1E1C1|B1E1C0,T1E22C2B3
1557,T1E2C0|B1E1C1|B1E1C1,T1E22C3B3
1558,T1E2C0|B1E1C1|B1E2C0,T1E23C2B3
1559,T1E2C0|B1E1C1|B1E2C1,T1E23C3B3
1560,T1E2C0|B1E2C0|B0E0C0,T1E24C0B2
1561,T1E2C0|B1E2C0|B0E0C1,T1E24C1B2
1562,T1E2C0|B1E2C0|B0E1C0,T1E25C0B2
1563,T1E2C0|B1E2C0|B0E1C1,T1E25C1B2
1564,T1E2C0|B1E2C0|B0E2C0,T1E26C0B2
1565,T1E2C0|B1E2C0|B0E2C1,T1E26C1B2
1566,T1E2C0|B1E2C0|B1E0C0,T1E24C0B3
1567,T1E2C0|B1E2C0|B1E0C1,T1E24C1B3
1568,T1E2C0|B1E2C0|B1E1C0,T1E25C0B3
1569,T1E2C0|B1E2C0|B1E1C1,T1E25C1B3
1570,T1E2C0|B1E2C0|B1E2C0,T1E26C0B3
1571,T1E2C0|B1E2C0|B1E2C1,T1E26C1B3
1572,T1E2C0|B1E2C1|B0E0C0,T1E24C2B2
1573,T1E2C0|B1E2C1|B0E0C1,T1E24C3B2
1574,T1E2C0|B1E2C1|B0E1C0,T1E25C2B2
1575,T1E2C0|B1E2C1|B0E1C1,T1E25C3B2
1576,T1E2C0|B1E2C1|B0E2C0,T1E26C2B2
1577,T1E2C0|B1E2C1|B0E2C1,T1E26C3B2
1578,T1E2C0|B1E2C1|B1E0C0,T1E24C2B3
1579,T1E2C0|B1E2C1|B1E0C1,T1E24C3B3
1580,T1E2C0|B1E2C1|B1E1C0,T1E25C2B3
1581,T1E2C0|B1E2C1|B1E1C1,T1E25C3B3
1582,T1E2C0|B1E2C1|B1E2C0,T1E26C2B3
1583,T1E2C0|B1E2C1|B1E2C1,T1E26C3B3
1584,T1E2C1|B0E0C0|B0E0C0,T1E18C4B0
1585,T1E2C1|B0E0C0|B0E0C1,T1E18C5B0
1586,T1E2C1|B0E0C0|B0E1C0,T1E19C4B0
1587,T1E2C1|B0E0C0|B0E1C1,T1E19C5B0
1588,T1E2C1|B0E0C0|B0E2C0,T1E20C4B0
1589,T1E2C1|B0E0C0|B0E2C1,T1E20C5B0
1590,T1E2C1|B0E0C0|B1E0C0,T1E18C4B1
1591,T1E2C1|B0E0C0|B1E0C1,T1E18C5B1
1592,T1E2C1|B0E0C0|B1E1C0,T1E19C4B1
1593,T1E2C1|B0E0C0|B1E1C1,T1E19C5B1
1594,T1E2C1|B0E0C0|B1E2C0,T1E20C4B1
1595,T1E2C1|B0E0C0|B1E2C1,T1E20C5B1
1596,T1E2C1|B0E0C1|B0E0C0,T1E18C6B0
1597,T1E2C1|B0E0C1|B0E0C1,T1E18C7B0
1598,T1E2C1|B0E0C1|B0E1C0,T1E19C6B0
1599,T1E2C1|B0E0C1|B0E1C1,T1E19C7B0
1600,T1E2C1|B0E0C1|B0E2C0,T1E20C6B0
1601,T1E2C1|B0E0C1|B0E2C1,T1E20C7B0
1602,T1E2C1|B0E0C1|B1E0C0,T1E18C6B1
1603,T1E2C1|B0E0C1|B1E0C1,T1E18C7B1
1604,T1E2C1|B0E0C1|B1E1C0,T1E19C6B1
1605,T1E2C1|B0E0C1|B1E1C1,T1E19C7B1
1606,T1E2C1|B0E0C1|B1E2C0,T1E20C6B1
1607,T1E2C1|B0E0C1|B1E2C1,T1E20C7B1
1608,T1E2C1|B0E1C0|B0E0C0,T1E21C4B0
1609,T1E2C1|B0E1C0|B0E0C1,T1E21C5B0
1610,T1E2C1|B0E1C0|B0E1C0,T1E22C4B0
1611,T1E2C1|B0E1C0|B0E1C1,T1E22C5B0
1612,T1E2C1|B0E1C0|B0E2C0,T1E23C4B0
1613,T1E2C1|B0E1C0|B0E2C1,T1E23C5B0
1614,T1E2C1|B0E1C0|B1E0C0,T1E21C4B1
1615,T1E2C1|B0E1C0|B1E0C1,T1E21C5B1
1616,T1E2C1|B0E1C0|B1E1C0,T1E22C4B1
1617,T1E2C1|B0E1C0|B1E1C1,T1E22C5B1
1618,T1E2C1|B0E1C0|B1E2C0,T1E23C4B1
1619,T1E2C1|B0E1C0|B1E2C1,T1E23C5B1
1620,T1E2C1|B0E1C1|B0E0C0,T1E21C6B0
1621,T1E2C1|B0E1C1|B0E0C1,T1E21C7B0
1622,T1E2C1|B0E1C1|B0E1C0,T1E22C6B0
1623,T1E2C1|B0E1C1|B0E1C1,T1E22C7B0
1624,T1E2C1|B0E1C1|B0E2C0,T1E23C6B0
1625,T1E2C1|B0E1C1|B0E2C1,T1E23C7B0
1626,T1E2C1|B0E1C1|B1E0C0,T1E21C6B1
1627,T1E2C1|B0E1C1|B1E0C1,T1E21C7B1
1628,T1E2C1|B0E1C1|B1E1C0,T1E22C6B1
1629,T1E2C1|B0E1C1|B1E1C1,T1E22C7B1
1630,T1E2C1|B0E1C1|B1E2C0,T1E23C6B1
1631,T1E2C1|B0E1C1|B1E2C1,T1E23C7B1
1632,T1E2C1|B0E2C0|B0E0C0,T1E24C4B0
1633,T1E2C1|B0E2C0|B0E0C1,T1E24C5B0
1634,T1E2C1|B0E2C0|B0E1C0,T1E25C4B0
1635,T1E2C1|B0E2C0|B0E1C1,T1E25C5B0
1636,T1E2C1|B0E2C0|B0E2C0,T1E26C4B0
1637,T1E2C1|B0E2C0|B0E2C1,T1E26C5B0
1638,T1E2C1|B0E2C0|B1E0C0,T1E24C4B1
1639,T1E2C1|B0E2C0|B1E0C1,T1E24C5B1
1640,T1E2C1|B0E2C0|B1E1C0,T1E25C4B1
1641,T1E2C1|B0E2C0|B1E1C1,T1E25C5B1
1642,T1E2C1|B0E2C0|B1E2C0,T1E26C4B1
1643,T1E2C1|B0E2C0|B1E2C1,T1E26C5B1
1644,T1E2C1|B0E2C1|B0E0C0,T1E24C6B0
1645,T1E2C1|B0E2C1|B0E0C1,T1E24C7B0
1646,T1E2C1|B0E2C1|B0E1C0,T1E25C6B0
1647,T1E2C1|B0E2C1|B0E1C1,T1E25C7B0
1648,T1E2C1|B0E2C1|B0E2C0,T1E26C6B0
1649,T1E2C1|B0E2C1|B0E2C1,T1E26C7B0
1650,T1E2C1|B0E2C1|B1E0C0,T1E24C6B1
1651,T1E2C1|B0E2C1|B1E0C1,T1E24C7B1
1652,T1E2C1|B0E2C1|B1E1C0,T1E25C6B1
1653,T1E2C1|B0E2C1|B1E1C1,T1E25C7B1
1654,T1E2C1|B0E2C1|B1E2C0,T1E26C6B1
1655,T1E2C1|B0E2C1|B1E2C1,T1E26C7B1
1656,T1E2C1|B1E0C0|B0E0C0,T1E18C4B2
1657,T1E2C1|B1E0C0|B0E0C1,T1E18C5B2
1658,T1E2C1|B1E0C0|B0E1C0,T1E19C4B2
1659,T1E2C1|B1E0C0|B0E1C1,T1E19C5B2
1660,T1E2C1|B1E0C0|B0E2C0,T1E20C4B2
1661,T1E2C1|B1E0C0|B0E2C1,T1E20C5B2
1662,T1E2C1|B1E0C0|B1E0C0,T1E18C4B3
1663,T1E2C1|B1E0C0|B1E0C1,T1E18C5B3
1664,T1E2C1|B1E0C0|B1E1C0,T1E19C4B3
1665,T1E2C1|B1E0C0|B1E1C1,T1E19C5B3
1666,T1E2C1|B1E0C0|B1E2C0,T1E20C4B3
1667,T1E2C1|B1E0C0|B1E2C1,T1E20C5B3
1668,T1E2C1|B1E0C1|B0E0C0,T1E18C6B2
1669,T1E2C1|B1E0C1|B0E0C1,T1E18C7B2
1670,T1E2C1|B1E0C1|B0E1C0,T1E19C6B2
1671,T1E2C1|B1E0C1|B0E1C1,T1E19C7B2
1672,T1E2C1|B1E0C1|B0E2C0,T1E20C6B2
1673,T1E2C1|B1E0C1|B0E2C1,T1E20C7B2
1674,T1E2C1|B1E0C1|B1E0C0,T1E18C6B3
1675,T1E2C1|B1E0C1|B1E0C1,T1E18C7B3
1676,T1E2C1|B1E0C1|B1E1C0,T1E19C6B3
1677,T1E2C1|B1E0C1|B1E1C1,T1E19C7B3
1678,T1E2C1|B1E0C1|B1E2C0,T1E20C6B3
1679,T1E2C1|B1E0C1|B1E2C1,T1E20C7B3
1680,T1E2C1|B1E1C0|B0E0C0,T1E21C4B2
1681,T1E2C1|B1E1C0|B0E0C1,T1E21C5B2
1682,T1E2C1|B1E1C0|B0E1C0,T1E22C4B2
1683,T1E2C1|B1E1C0|B0E1C1,T1E22C5B2
1684,T1E2C1|B1E1C0|B0E2C0,T1E23C4B2
1685,T1E2C1|B1E1C0|B0E2C1,T1E23C5B2
1686,T1E2C1|B1E1C0|B1E0C0,T1E21C4B3
1687,T1E2C1|B1E1C0|B1E0C1,T1E21C5B3
1688,T1E2C1|B1E1C0|B1E1C0,T1E22C4B3
1689,T1E2C1|B1E1C0|B1E1C1,T1E22C5B3
1690,T1E2C1|B1E1C0|B1E2C0,T1E23C4B3
1691,T1E2C1|B1E1C0|B1E2C1,T1E23C5B3
1692,T1E2C1|B1E1C1|B0E0C0,T1E21C6B2
1693,T1E2C1|B1E1C1|B0E0C1,T1E21C7B2
1694,T1E2C1|B1E1C1|B0E1C0,T1E22C6B2
1695,T1E2C1|B1E1C1|B0E1C1,T1E22C7B2
1696,T1E2C1|B1E1C1|B0E2C0,T1E23C6B2
1697,T1E2C1|B1E1C1|B0E2C1,T1E23C7B2
1698,T1E2C1|B1E1C1|B1E0C0,T1E21C6B3
1699,T1E2C1|B1E1C1|B1E0C1,T1E21C7B3
1700,T1E2C1|B1E1C1|B1E1C0,T1E22C6B3
1701,T1E2C1|B1E1C1|B1E1C1,T1E22C7B3
1702,T1E2C1|B1E1C1|B1E2C0,T1E23C6B3
1703,T1E2C1|B1E1C1|B1E2C1,T1E23C7B3
1704,T1E2C1|B1E2C0|B0E0C0,T1E24C4B2
1705,T1E2C1|B1E2C0|B0E0C1,T1E24C5B2
1706,T1E2C1|B1E2C0|B0E1C0,T1E25C4B2
1707,T1E2C1|B1E2C0|B0E1C1,T1E25C5B2
1708,T1E2C1|B1E2C0|B0E2C0,T1E26C4B2
1709,T1E2C1|B1E2C0|B0E2C1,T1E26C5B2
1710,T1E2C1|B1E2C0|B1E0C0,T1E24C4B3
1711,T1E2C1|B1E2C0|B1E0C1,T1E24C5B3
1712,T1E2C1|B1E2C0|B1E1C0,T1E25C4B3
1713,T1E2C1|B1E2C0|B1E1C1,T1E25C5B3
1714,T1E2C1|B1E2C0|B1E2C0,T1E26C4B3
1715,T1E2C1|B1E2C0|B1E2C1,T1E26C5B3
1716,T1E2C1|B1E2C1|B0E0C0,T1E24C6B2
1717,T1E2C1|B1E2C1|B0E0C1,T1E24C7B2
1718,T1E2C1|B1E2C1|B0E1C0,T1E25C6B2
1719,T1E2C1|B1E2C1|B0E1C1,T1E25C7B2
1720,T1E2C1|B1E2C1|B0E2C0,T1E26C6B2
1721,T1E2C1|B1E2C1|B0E2C1,T1E26C7B2
1722,T1E2C1|B1E2C1|B1E0C0,T1E24C6B3
1723,T1E2C1|B1E2C1|B1E0C1,T1E24C7B3
1724,T1E2C1|B1E2C1|B1E1C0,T1E25C6B3
1725,T1E2C1|B1E2C1|B1E1C1,T1E25C7B3
1726,T1E2C1|B1E2C1|B1E2C0,T1E26C6B3
1727,T1E2C1|B1E2C1|B1E2C1,T1E26C7B3
